dtmnfr;dtmn;freguesia_dsg
010103;0101;Aguada de Cima
010109;0101;Fermentelos
010112;0101;Macinhata do Vouga
010119;0101;Valongo do Vouga
010124;0101;União das freguesias de Recardães e Espinhel
010125;0101;União das freguesias de Travassô e Óis da Ribeira
010126;0101;União das freguesias de Trofa, Segadães e Lamas do Vouga
010127;0101;União das freguesias do Préstimo e Macieira de Alcoba
010128;0101;Agadão
010129;0101;Aguada de Baixo
010130;0101;Águeda
010131;0101;Barrô
010132;0101;Belazaima do Chão
010133;0101;Borralha
010134;0101;Castanheira do Vouga
010202;0102;Alquerubim
010203;0102;Angeja
010204;0102;Branca
010206;0102;Ribeira de Fráguas
010209;0102;Albergaria-a-Velha e Valmaior
010210;0102;São João de Loure e Frossos
010304;0103;Avelãs de Caminho
010305;0103;Avelãs de Cima
010307;0103;Moita
010309;0103;Sangalhos
010310;0103;São Lourenço do Bairro
010312;0103;Vila Nova de Monsarros
010313;0103;Vilarinho do Bairro
010316;0103;União das freguesias de Amoreira da Gândara, Paredes do Bairro e Ancas
010317;0103;União das freguesias de Arcos e Mogofores
010318;0103;União das freguesias de Tamengos, Aguim e Óis do Bairro
010402;0104;Alvarenga
010407;0104;Chave
010409;0104;Escariz
010411;0104;Fermedo
010413;0104;Mansores
010414;0104;Moldes
010415;0104;Rossas
010416;0104;Santa Eulália
010417;0104;São Miguel do Mato
010418;0104;Tropeço
010419;0104;Urrô
010420;0104;Várzea
010421;0104;União das freguesias de Arouca e Burgo
010422;0104;União das freguesias de Cabreiros e Albergaria da Serra
010423;0104;União das freguesias de Canelas e Espiunca
010424;0104;União das freguesias de Covelo de Paivó e Janarde
010501;0105;Aradas
010502;0105;Cacia
010505;0105;Esgueira
010508;0105;Oliveirinha
010510;0105;São Bernardo
010511;0105;São Jacinto
010513;0105;Santa Joana
010515;0105;Eixo e Eirol
010516;0105;Requeixo, Nossa Senhora de Fátima e Nariz
010517;0105;União das freguesias de Glória e Vera Cruz
010602;0106;Fornos
010606;0106;Real
010607;0106;Santa Maria de Sardoura
010608;0106;São Martinho de Sardoura
010612;0106;Bairros
010613;0106;Paraíso
010614;0106;Pedorido
010615;0106;Raiva
010616;0106;Sobrado
010702;0107;Espinho
010704;0107;Paramos
010705;0107;Silvalde
010707;0107;Anta
010708;0107;Guetim
010801;0108;Avanca
010805;0108;Pardilhó
010806;0108;Salreu
010809;0108;União das freguesias de Canelas e Fermelã
010810;0108;Beduído
010811;0108;Veiros
010901;0109;Argoncilhe
010902;0109;Arrifana
010904;0109;Escapães
010907;0109;Fiães
010908;0109;Fornos
010913;0109;Lourosa
010914;0109;Milheirós de Poiares
010916;0109;Mozelos
010917;0109;Nogueira da Regedoura
010918;0109;São Paio de Oleiros
010919;0109;Paços de Brandão
010921;0109;Rio Meão
010922;0109;Romariz
010924;0109;Sanguedo
010925;0109;Santa Maria de Lamas
010926;0109;São João de Ver
010935;0109;União das freguesias de Santa Maria da Feira, Travanca, Sanfins e Espargo
010937;0109;Caldas de São Jorge
010938;0109;Canedo
010939;0109;Gião
010940;0109;Guisande
010941;0109;Lobão
010942;0109;Louredo
010943;0109;Mosteirô
010944;0109;Pigeiros
010945;0109;São Miguel de Souto
010946;0109;Vale
010947;0109;Vila Maior
011005;0110;Gafanha da Encarnação
011006;0110;Gafanha da Nazaré
011007;0110;Gafanha do Carmo
011008;0110;Ílhavo (São Salvador)
011102;0111;Barcouço
011103;0111;Casal Comba
011104;0111;Luso
011106;0111;Pampilhosa
011107;0111;Vacariça
011110;0111;Antes
011111;0111;Mealhada
011112;0111;Ventosa do Bairro
011201;0112;Bunheiro
011202;0112;Monte
011203;0112;Murtosa
011204;0112;Torreira
011301;0113;Carregosa
011302;0113;Cesar
011303;0113;Fajões
011304;0113;Loureiro
011305;0113;Macieira de Sarnes
011310;0113;Ossela
011315;0113;São Martinho da Gândara
011318;0113;São Roque
011319;0113;Vila de Cucujães
011321;0113;União das freguesias de Oliveira de Azeméis, Santiago de Riba-Ul, Ul, Macinhata da Seixa e Madail
011322;0113;União das freguesias de Pinheiro da Bemposta, Travanca e Palmaz
011323;0113;Nogueira do Cravo
011324;0113;Pindelo
011403;0114;Oiã
011404;0114;Oliveira do Bairro
011405;0114;Palhaça
011407;0114;União das freguesias de Bustos, Troviscal e Mamarrosa
011502;0115;Cortegaça
011503;0115;Esmoriz
011504;0115;Maceda
011507;0115;Válega
011510;0115;Arada
011511;0115;Ovar
011512;0115;São João
011513;0115;São Vicente de Pereira Jusã
011601;0116;São João da Madeira
011702;0117;Couto de Esteves
011704;0117;Pessegueiro do Vouga
011705;0117;Rocas do Vouga
011706;0117;Sever do Vouga
011708;0117;Talhadas
011712;0117;Cedrim
011713;0117;Dornelas
011714;0117;Paradela
011715;0117;Silva Escura
011801;0118;Calvão
011804;0118;Gafanha da Boa Hora
011805;0118;Ouca
011807;0118;Sosa
011810;0118;Santo André de Vagos
011815;0118;Covão do Lobo
011816;0118;Fonte de Angeão
011817;0118;Ponte de Vagos
011818;0118;Santa Catarina
011819;0118;Santo António
011820;0118;Vagos
011901;0119;Arões
011902;0119;São Pedro de Castelões
011903;0119;Cepelos
011905;0119;Junqueira
011906;0119;Macieira de Cambra
011907;0119;Roge
011910;0119;União das freguesias de Vila Chã, Codal e Vila Cova de Perrinho
020102;0201;Ervidel
020103;0201;Messejana
020104;0201;São João de Negrilhos
020107;0201;Aljustrel
020108;0201;Rio de Moinhos
020203;0202;Rosário
020205;0202;Santa Cruz
020206;0202;São Barnabé
020208;0202;Aldeia dos Fernandes
020211;0202;Almodôvar
020212;0202;Gomes Aires
020213;0202;Santa Clara-a-Nova
020214;0202;Senhora da Graça dos Padrões
020301;0203;Alvito
020302;0203;Vila Nova da Baronia
020401;0204;Barrancos
020502;0205;Baleizão
020503;0205;Beringel
020504;0205;Cabeça Gorda
020506;0205;Nossa Senhora das Neves
020510;0205;Santa Clara de Louredo
020516;0205;São Matias
020519;0205;União das freguesias de Albernoa e Trindade
020520;0205;União das freguesias de Beja (Salvador e Santa Maria da Feira)
020521;0205;União das freguesias de Beja (Santiago Maior e São João Baptista)
020522;0205;União das freguesias de Salvada e Quintos
020523;0205;União das freguesias de Santa Vitória e Mombeja
020524;0205;União das freguesias de Trigaches e São Brissos
020603;0206;Entradas
020604;0206;Santa Bárbara de Padrões
020605;0206;São Marcos da Ataboeira
020606;0206;União das freguesias de Castro Verde e Casével
020701;0207;Cuba
020702;0207;Faro do Alentejo
020703;0207;Vila Alva
020704;0207;Vila Ruiva
020803;0208;Figueira dos Cavaleiros
020804;0208;Odivelas
020809;0208;Alfundão
020810;0208;Canhestros
020811;0208;Ferreira do Alentejo
020812;0208;Peroguarda
020901;0209;Alcaria Ruiva
020902;0209;Corte do Pinto
020903;0209;Espírito Santo
020904;0209;Mértola
020905;0209;Santana de Cambas
020906;0209;São João dos Caldeireiros
020910;0209;União das freguesias de São Miguel do Pinheiro, São Pedro de Solis e São Sebastião dos Carros
021001;0210;Amareleja
021002;0210;Póvoa de São Miguel
021008;0210;Sobral da Adiça
021009;0210;União das freguesias de Moura (Santo Agostinho e São João Baptista) e Santo Amador
021011;0210;Safara
021012;0210;Santo Aleixo da Restauração
021102;0211;Relíquias
021103;0211;Sabóia
021106;0211;São Luís
021107;0211;São Martinho das Amoreiras
021111;0211;Vila Nova de Milfontes
021115;0211;Luzianes-Gare
021116;0211;Boavista dos Pinheiros
021117;0211;Longueira/Almograve
021119;0211;Santa Clara-a-Velha
021120;0211;São Salvador e Santa Maria
021121;0211;São Teotónio
021123;0211;Bicos
021124;0211;Colos
021125;0211;Vale de Santiago
021203;0212;Ourique
021206;0212;Santana da Serra
021208;0212;União das freguesias de Panoias e Conceição
021209;0212;Garvão
021210;0212;Santa Luzia
021302;0213;Brinches
021303;0213;Pias
021307;0213;Vila Verde de Ficalho
021308;0213;União das freguesias de Serpa (Salvador e Santa Maria)
021310;0213;Vale de Vargo
021311;0213;Vila Nova de São Bento
021401;0214;Pedrógão
021402;0214;Selmes
021403;0214;Vidigueira
021404;0214;Vila de Frades
030102;0301;Barreiros
030104;0301;Bico
030105;0301;Caires
030107;0301;Carrazedo
030108;0301;Dornelas
030111;0301;Fiscal
030112;0301;Goães
030113;0301;Lago
030118;0301;Rendufe
030119;0301;Bouro (Santa Maria)
030120;0301;Bouro (Santa Marta)
030125;0301;União das freguesias de Amares e Figueiredo
030126;0301;União das freguesias de Caldelas, Sequeiros e Paranhos
030127;0301;União das freguesias de Ferreiros, Prozelo e Besteiros
030128;0301;União das freguesias de Torre e Portela
030129;0301;União das freguesias de Vilela, Seramil e Paredes Secas
030201;0302;Abade de Neiva
030202;0302;Aborim
030203;0302;Adães
030205;0302;Airó
030206;0302;Aldreu
030208;0302;Alvelos
030209;0302;Arcozelo
030210;0302;Areias
030212;0302;Balugães
030213;0302;Barcelinhos
030215;0302;Barqueiros
030216;0302;Cambeses
030218;0302;Carapeços
030220;0302;Carvalhal
030221;0302;Carvalhas
030224;0302;Cossourado
030228;0302;Cristelo
030234;0302;Fornelos
030235;0302;Fragoso
030237;0302;Gilmonde
030242;0302;Lama
030243;0302;Lijó
030244;0302;Macieira de Rates
030245;0302;Manhente
030247;0302;Martim
030252;0302;Moure
030254;0302;Oliveira
030255;0302;Palme
030256;0302;Panque
030257;0302;Paradela
030259;0302;Pereira
030260;0302;Perelhal
030261;0302;Pousa
030263;0302;Remelhe
030264;0302;Roriz
030265;0302;Rio Covo (Santa Eugénia)
030268;0302;Galegos (Santa Maria)
030272;0302;Galegos (São Martinho)
030277;0302;Tamel (São Veríssimo)
030279;0302;Silva
030282;0302;Ucha
030283;0302;Várzea
030287;0302;Vila Seca
030290;0302;União das freguesias de Alheira e Igreja Nova
030291;0302;União das freguesias de Alvito (São Pedro e São Martinho) e Couto
030292;0302;União das freguesias de Areias de Vilar e Encourados
030294;0302;União das freguesias de Campo e Tamel (São Pedro Fins)
030295;0302;União das freguesias de Carreira e Fonte Coberta
030296;0302;União das freguesias de Chorente, Góios, Courel, Pedra Furada e Gueral
030297;0302;União das freguesias de Creixomil e Mariz
030298;0302;União das freguesias de Durrães e Tregosa
030299;0302;União das freguesias de Gamil e Midões
0302FA;0302;União das freguesias de Milhazes, Vilar de Figos e Faria
0302FB;0302;União das freguesias de Negreiros e Chavão
0302FC;0302;União das freguesias de Quintiães e Aguiar
0302FD;0302;União das freguesias de Sequeade e Bastuço (São João e Santo Estevão)
0302FF;0302;União das freguesias de Tamel (Santa Leocádia) e Vilar do Monte
0302FG;0302;União das freguesias de Viatodos, Grimancelos, Minhotães e Monte de Fralães
0302FH;0302;União das freguesias de Vila Cova e Feitos
0302FI;0302;Barcelos
0302FJ;0302;Rio Covo (Santa Eulália)
0302FK;0302;Silveiros
0302FL;0302;Vila Boa
0302FM;0302;Vila Frescainha (São Martinho)
0302FN;0302;Vila Frescainha (São Pedro)
030301;0303;Adaúfe
030312;0303;Espinho
030313;0303;Esporões
030315;0303;Figueiredo
030319;0303;Gualtar
030322;0303;Lamas
030325;0303;Mire de Tibães
030330;0303;Padim da Graça
030331;0303;Palmeira
030334;0303;Pedralva
030336;0303;Priscos
030338;0303;Ruilhe
030349;0303;Braga (São Vicente)
030351;0303;Braga (São Vítor)
030354;0303;Sequeira
030355;0303;Sobreposta
030356;0303;Tadim
030357;0303;Tebosa
030363;0303;União das freguesias de Arentim e Cunha
030364;0303;União das freguesias de Braga (Maximinos, Sé e Cividade)
030365;0303;União das freguesias de Braga (São José de São Lázaro e São João do Souto)
030366;0303;União das freguesias de Cabreiros e Passos (São Julião)
030367;0303;União das freguesias de Celeirós, Aveleda e Vimieiro
030368;0303;União das freguesias de Crespos e Pousada
030369;0303;União das freguesias de Escudeiros e Penso (Santo Estêvão e São Vicente)
030370;0303;União das freguesias de Este (São Pedro e São Mamede)
030371;0303;União das freguesias de Ferreiros e Gondizalves
030372;0303;União das freguesias de Guisande e Oliveira (São Pedro)
030373;0303;União das freguesias de Lomar e Arcos
030374;0303;União das freguesias de Merelim (São Paio), Panoias e Parada de Tibães
030375;0303;União das freguesias de Merelim (São Pedro) e Frossos
030376;0303;União das freguesias de Morreira e Trandeiras
030377;0303;União das freguesias de Nogueira, Fraião e Lamaçães
030378;0303;União das freguesias de Nogueiró e Tenões
030379;0303;União das freguesias de Real, Dume e Semelhe
030380;0303;União das freguesias de Santa Lucrécia de Algeriz e Navarra
030381;0303;União das freguesias de Vilaça e Fradelos
030401;0304;Abadim
030404;0304;Basto
030405;0304;Bucos
030406;0304;Cabeceiras de Basto
030407;0304;Cavez
030408;0304;Faia
030413;0304;Pedraça
030415;0304;Rio Douro
030418;0304;União das freguesias de Alvite e Passos
030419;0304;União das freguesias de Arco de Baúlhe e Vila Nune
030420;0304;União das freguesias de Gondiães e Vilar de Cunhas
030422;0304;Outeiro
030423;0304;Painzela
030424;0304;Refojos de Basto
030501;0305;Agilde
030502;0305;Arnóia
030503;0305;Borba de Montanha
030508;0305;Codeçoso
030510;0305;Fervença
030515;0305;Moreira do Castelo
030517;0305;Rego
030518;0305;Ribas
030520;0305;Basto (São Clemente)
030521;0305;Vale de Bouro
030523;0305;União das freguesias de Britelo, Gémeos e Ourilhe
030524;0305;União das freguesias de Caçarilhe e Infesta
030525;0305;União das freguesias de Canedo de Basto e Corgo
030526;0305;União das freguesias de Carvalho e Basto (Santa Tecla)
030527;0305;União das freguesias de Veade, Gagos e Molares
030601;0306;Antas
030608;0306;Forjães
030610;0306;Gemeses
030615;0306;Vila Chã
030619;0306;União das freguesias de Fonte Boa e Rio Tinto
030621;0306;Apúlia
030622;0306;Belinho
030623;0306;Curvos
030624;0306;Esposende
030625;0306;Fão
030626;0306;Gandra
030627;0306;Mar
030628;0306;Marinhas
030629;0306;Palmeira de Faro
030705;0307;Armil
030708;0307;Estorãos
030709;0307;Fafe
030712;0307;Fornelos
030714;0307;Golães
030716;0307;Medelo
030719;0307;Paços
030722;0307;Quinchães
030723;0307;Regadas
030724;0307;Revelhe
030725;0307;Ribeiros
030726;0307;Arões (Santa Cristina)
030728;0307;São Gens
030729;0307;Silvares (São Martinho)
030730;0307;Arões (São Romão)
030733;0307;Travassós
030736;0307;Vinhós
030737;0307;União de freguesias de Aboim, Felgueiras, Gontim e Pedraído
030738;0307;União de freguesias de Agrela e Serafão
030739;0307;União de freguesias de Antime e Silvares (São Clemente)
030740;0307;União de freguesias de Ardegão, Arnozela e Seidões
030741;0307;União de freguesias de Cepães e Fareja
030742;0307;União de freguesias de Freitas e Vila Cova
030743;0307;União de freguesias de Monte e Queimadela
030744;0307;União de freguesias de Moreira do Rei e Várzea Cova
030801;0308;Aldão
030804;0308;Azurém
030806;0308;Barco
030807;0308;Brito
030808;0308;Caldelas
030812;0308;Costa
030813;0308;Creixomil
030815;0308;Fermentões
030820;0308;Gonça
030821;0308;Gondar
030823;0308;Guardizela
030824;0308;Infantas
030827;0308;Longos
030828;0308;Lordelo
030830;0308;Mesão Frio
030831;0308;Moreira de Cónegos
030832;0308;Nespereira
030835;0308;Pencelo
030836;0308;Pinheiro
030837;0308;Polvoreira
030838;0308;Ponte
030840;0308;Ronfe
030842;0308;Prazins (Santa Eufémia)
030850;0308;Selho (São Cristóvão)
030854;0308;Selho (São Jorge)
030857;0308;Candoso (São Martinho)
030858;0308;Sande (São Martinho)
030865;0308;São Torcato
030866;0308;Serzedelo
030868;0308;Silvares
030871;0308;Urgezes
030875;0308;União das freguesias de Abação e Gémeos
030877;0308;União das freguesias de Arosa e Castelões
030878;0308;União das freguesias de Atães e Rendufe
030879;0308;União das freguesias de Briteiros Santo Estêvão e Donim
030880;0308;União das freguesias de Briteiros São Salvador e Briteiros Santa Leocádia
030881;0308;União das freguesias de Candoso São Tiago e Mascotelos
030883;0308;União das freguesias de Leitões, Oleiros e Figueiredo
030884;0308;União das freguesias de Oliveira, São Paio e São Sebastião
030886;0308;União das freguesias de Sande São Lourenço e Balazar
030888;0308;União das freguesias de Selho São Lourenço e Gominhães
030890;0308;União das freguesias de Souto Santa Maria, Souto São Salvador e Gondomar
030892;0308;Airão (Santa Maria)
030893;0308;Airão São João
030894;0308;Calvos
030895;0308;Conde
030896;0308;Corvite
030897;0308;Gandarela
030898;0308;Prazins Santo Tirso
030899;0308;Sande (São Clemente)
0308FA;0308;Sande (Vila Nova)
0308FB;0308;São Faustino
0308FC;0308;Serzedo
0308FD;0308;Tabuadelo
0308FE;0308;Vermil
030906;0309;Covelas
030908;0309;Ferreiros
030912;0309;Galegos
030913;0309;Garfe
030914;0309;Geraz do Minho
030915;0309;Lanhoso
030917;0309;Monsul
030919;0309;Póvoa de Lanhoso (Nossa Senhora do Amparo)
030921;0309;Rendufinho
030922;0309;Santo Emilião
030923;0309;São João de Rei
030924;0309;Serzedelo
030925;0309;Sobradelo da Goma
030926;0309;Taíde
030927;0309;Travassos
030929;0309;Vilela
030930;0309;União das freguesias de Águas Santas e Moure
030931;0309;União das freguesias de Calvos e Frades
030932;0309;União das freguesias de Campos e Louredo
030933;0309;União das freguesias de Esperança e Brunhais
030934;0309;União das freguesias de Fonte Arcada e Oliveira
030935;0309;União das freguesias de Verim, Friande e Ajude
031001;0310;Balança
031003;0310;Campo do Gerês
031004;0310;Carvalheira
031008;0310;Covide
031009;0310;Gondoriz
031010;0310;Moimenta
031012;0310;Ribeira
031013;0310;Rio Caldo
031014;0310;Souto
031015;0310;Valdosende
031017;0310;Vilar da Veiga
031018;0310;União das freguesias de Chamoim e Vilar
031019;0310;União das freguesias de Chorense e Monte
031020;0310;União das freguesias de Cibões e Brufe
031105;0311;Cantelães
031107;0311;Eira Vedra
031108;0311;Guilhofrei
031109;0311;Louredo
031110;0311;Mosteiro
031111;0311;Parada de Bouro
031112;0311;Pinheiro
031113;0311;Rossas
031115;0311;Salamonde
031118;0311;Tabuaças
031120;0311;Vieira do Minho
031122;0311;União das freguesias de Anissó e Soutelo
031123;0311;União das freguesias de Anjos e Vilar do Chão
031124;0311;União das freguesias de Caniçada e Soengas
031125;0311;União das freguesias de Ruivães e Campos
031126;0311;União das freguesias de Ventosa e Cova
031204;0312;Bairro
031206;0312;Brufe
031210;0312;Castelões
031212;0312;Cruz
031213;0312;Delães
031215;0312;Fradelos
031216;0312;Gavião
031219;0312;Joane
031221;0312;Landim
031223;0312;Louro
031224;0312;Lousado
031225;0312;Mogege
031227;0312;Nine
031230;0312;Pedome
031232;0312;Pousada de Saramagos
031233;0312;Requião
031234;0312;Riba de Ave
031235;0312;Ribeirão
031239;0312;Oliveira (Santa Maria)
031241;0312;Vale (São Martinho)
031242;0312;Oliveira (São Mateus)
031247;0312;Vermoim
031249;0312;Vilarinho das Cambas
031250;0312;União das freguesias de Antas e Abade de Vermoim
031251;0312;União das freguesias de Arnoso (Santa Maria e Santa Eulália) e Sezures
031253;0312;União das freguesias de Carreira e Bente
031256;0312;União das freguesias de Lemenhe, Mouquim e Jesufrei
031258;0312;União das freguesias de Seide
031259;0312;União das freguesias de Vale (São Cosme), Telhado e Portela
031260;0312;União das freguesias de Vila Nova de Famalicão e Calendário
031261;0312;Avidos
031262;0312;Cabeçudos
031263;0312;Cavalões
031264;0312;Esmeriz
031265;0312;Gondifelos
031266;0312;Lagoa
031267;0312;Novais
031268;0312;Outiz
031269;0312;Ruivães
031304;0313;Atiães
031308;0313;Cabanelas
031309;0313;Cervães
031311;0313;Coucieiro
031313;0313;Dossãos
031316;0313;Freiriz
031317;0313;Gême
031323;0313;Lage
031324;0313;Lanhas
031325;0313;Loureira
031328;0313;Moure
031330;0313;Oleiros
031331;0313;Parada de Gatim
031335;0313;Pico
031337;0313;Ponte
031340;0313;Sabariz
031342;0313;Vila de Prado
031350;0313;Prado (São Miguel)
031352;0313;Soutelo
031354;0313;Turiz
031355;0313;Valdreu
031359;0313;Aboim da Nóbrega e Gondomar
031360;0313;União das freguesias da Ribeira do Neiva
031361;0313;União das freguesias de Carreiras (São Miguel) e Carreiras (Santiago)
031362;0313;União das freguesias de Escariz (São Mamede) e Escariz (São Martinho)
031363;0313;União das freguesias de Esqueiros, Nevogilde e Travassós
031364;0313;União das freguesias de Marrancos e Arcozelo
031365;0313;União das freguesias de Oriz (Santa Marinha) e Oriz (São Miguel)
031366;0313;União das freguesias de Pico de Regalados, Gondiães e Mós
031367;0313;União das freguesias de Sande, Vilarinho, Barros e Gomide
031368;0313;União das freguesias de Valbom (São Pedro), Passô e Valbom (São Martinho)
031369;0313;União das freguesias do Vade
031370;0313;Vila Verde e Barbudo
031401;0314;Santa Eulália
031404;0314;Infias
031406;0314;Vizela (Santo Adrião)
031408;0314;União das freguesias de Caldas de Vizela (São Miguel e São João)
031410;0314;Tagilde
031411;0314;Vizela (São Paio)
040102;0401;Alfândega da Fé
040103;0401;Cerejais
040111;0401;Sambade
040118;0401;Vilar Chão
040119;0401;Vilarelhos
040120;0401;Vilares de Vilariça
040121;0401;União das freguesias de Agrobom, Saldonha e Vale Pereiro
040122;0401;União das freguesias de Eucisia, Gouveia e Valverde
040123;0401;União das freguesias de Ferradosa e Sendim da Serra
040124;0401;União das freguesias de Gebelim e Soeima
040125;0401;União das freguesias de Parada e Sendim da Ribeira
040126;0401;União das freguesias de Pombal e Vales
040201;0402;Alfaião
040203;0402;Babe
040204;0402;Baçal
040206;0402;Carragosa
040209;0402;Castro de Avelãs
040210;0402;Coelhoso
040212;0402;Donai
040213;0402;Espinhosela
040215;0402;França
040216;0402;Gimonde
040217;0402;Gondesende
040218;0402;Gostei
040219;0402;Grijó de Parada
040221;0402;Macedo do Mato
040224;0402;Mós
040225;0402;Nogueira
040226;0402;Outeiro
040229;0402;Parâmio
040230;0402;Pinela
040232;0402;Quintanilha
040233;0402;Quintela de Lampaças
040234;0402;Rabal
040236;0402;Rebordãos
040239;0402;Salsas
040240;0402;Samil
040241;0402;Santa Comba de Rossas
040244;0402;São Pedro de Sarracenos
040246;0402;Sendas
040247;0402;Serapicos
040248;0402;Sortes
040249;0402;Zoio
040250;0402;União das freguesias de Aveleda e Rio de Onor
040251;0402;União das freguesias de Castrelos e Carrazedo
040252;0402;União das freguesias de Izeda, Calvelhe e Paradinha Nova
040253;0402;União das freguesias de Parada e Faílde
040254;0402;União das freguesias de Rebordainhos e Pombares
040255;0402;União das freguesias de Rio Frio e Milhão
040256;0402;União das freguesias de São Julião de Palácios e Deilão
040257;0402;União das freguesias de Sé, Santa Maria e Meixedo
040304;0403;Carrazeda de Ansiães
040306;0403;Fonte Longa
040308;0403;Linhares
040309;0403;Marzagão
040311;0403;Parambos
040312;0403;Pereiros
040313;0403;Pinhal do Norte
040314;0403;Pombal
040316;0403;Seixo de Ansiães
040318;0403;Vilarinho da Castanheira
040320;0403;União das freguesias de Amedo e Zedes
040321;0403;União das freguesias de Belver e Mogo de Malta
040322;0403;União das freguesias de Castanheiro do Norte e Ribalonga
040323;0403;União das freguesias de Lavandeira, Beira Grande e Selores
040404;0404;Ligares
040406;0404;Poiares
040407;0404;União das freguesias de Freixo de Espada à Cinta e Mazouco
040408;0404;União das freguesias de Lagoaça e Fornos
040502;0405;Amendoeira
040503;0405;Arcas
040507;0405;Carrapatas
040509;0405;Chacim
040510;0405;Cortiços
040511;0405;Corujas
040514;0405;Ferreira
040515;0405;Grijó
040516;0405;Lagoa
040517;0405;Lamalonga
040518;0405;Lamas
040519;0405;Lombo
040520;0405;Macedo de Cavaleiros
040521;0405;Morais
040523;0405;Olmos
040524;0405;Peredo
040526;0405;Salselas
040528;0405;Sezulfe
040530;0405;Talhas
040532;0405;Vale Benfeito
040533;0405;Vale da Porca
040534;0405;Vale de Prados
040536;0405;Vilarinho de Agrochão
040538;0405;Vinhas
040539;0405;União das freguesias de Ala e Vilarinho do Monte
040540;0405;União das freguesias de Bornes e Burga
040541;0405;União das freguesias de Castelãos e Vilar do Monte
040542;0405;União das freguesias de Espadanedo, Edroso, Murçós e Soutelo Mourisco
040543;0405;União das freguesias de Podence e Santa Combinha
040544;0405;União das freguesias de Talhinhas e Bagueixe
040604;0406;Duas Igrejas
040605;0406;Genísio
040607;0406;Malhadas
040608;0406;Miranda do Douro
040609;0406;Palaçoulo
040611;0406;Picote
040612;0406;Póvoa
040613;0406;São Martinho de Angueira
040616;0406;Vila Chã de Braciosa
040618;0406;União das freguesias de Constantim e Cicouro
040619;0406;União das freguesias de Ifanes e Paradela
040620;0406;União das freguesias de Sendim e Atenor
040621;0406;União das freguesias de Silva e Águas Vivas
040701;0407;Abambres
040702;0407;Abreiro
040703;0407;Aguieiras
040704;0407;Alvites
040708;0407;Bouça
040709;0407;Cabanelas
040710;0407;Caravelas
040711;0407;Carvalhais
040712;0407;Cedães
040713;0407;Cobro
040714;0407;Fradizela
040716;0407;Frechas
040718;0407;Lamas de Orelhão
040720;0407;Mascarenhas
040721;0407;Mirandela
040722;0407;Múrias
040724;0407;Passos
040727;0407;São Pedro Velho
040728;0407;São Salvador
040729;0407;Suçães
040730;0407;Torre de Dona Chama
040731;0407;Vale de Asnes
040732;0407;Vale de Gouvinhas
040733;0407;Vale de Salgueiro
040734;0407;Vale de Telhas
040738;0407;União das freguesias de Avantos e Romeu
040739;0407;União das freguesias de Avidagos, Navalho e Pereira
040740;0407;União das freguesias de Barcel, Marmelos e Valverde da Gestosa
040741;0407;União das freguesias de Franco e Vila Boa
040742;0407;União das freguesias de Freixeda e Vila Verde
040801;0408;Azinhoso
040802;0408;Bemposta
040803;0408;Bruçó
040804;0408;Brunhoso
040807;0408;Castelo Branco
040808;0408;Castro Vicente
040809;0408;Meirinhos
040811;0408;Paradela
040812;0408;Penas Roias
040813;0408;Peredo da Bemposta
040815;0408;Saldanha
040817;0408;São Martinho do Peso
040819;0408;Tó
040820;0408;Travanca
040821;0408;Urrós
040822;0408;Vale da Madre
040826;0408;Vila de Ala
040829;0408;União das freguesias de Brunhozinho, Castanheira e Sanhoane
040830;0408;União das freguesias de Mogadouro, Valverde, Vale de Porco e Vilar de Rei
040831;0408;União das freguesias de Remondes e Soutelo
040832;0408;União das freguesias de Vilarinho dos Galegos e Ventozelo
040901;0409;Açoreira
040903;0409;Cabeça Boa
040905;0409;Carviçais
040906;0409;Castedo
040909;0409;Horta da Vilariça
040910;0409;Larinho
040911;0409;Lousa
040913;0409;Mós
040916;0409;Torre de Moncorvo
040918;0409;União das freguesias de Adeganha e Cardanha
040919;0409;União das freguesias de Felgar e Souto da Velha
040920;0409;União das freguesias de Felgueiras e Maçores
040921;0409;União das freguesias de Urros e Peredo dos Castelhanos
041002;0410;Benlhevai
041005;0410;Freixiel
041009;0410;Roios
041010;0410;Samões
041011;0410;Sampaio
041012;0410;Santa Comba de Vilariça
041013;0410;Seixo de Manhoses
041014;0410;Trindade
041015;0410;Vale Frechoso
041020;0410;União das freguesias de Assares e Lodões
041021;0410;União das freguesias de Candoso e Carvalho de Egas
041022;0410;União das freguesias de Valtorno e Mourão
041023;0410;União das freguesias de Vila Flor e Nabo
041024;0410;União das freguesias de Vilas Boas e Vilarinho das Azenhas
041103;0411;Argozelo
041107;0411;Carção
041108;0411;Matela
041109;0411;Pinelo
041110;0411;Santulhão
041113;0411;Vilar Seco
041114;0411;Vimioso
041115;0411;União das freguesias de Algoso, Campo de Víboras e Uva
041116;0411;União das freguesias de Caçarelhos e Angueira
041117;0411;União das freguesias de Vale de Frades e Avelanoso
041201;0412;Agrochão
041203;0412;Candedo
041204;0412;Celas
041206;0412;Edral
041207;0412;Edrosa
041208;0412;Ervedosa
041215;0412;Paçó
041216;0412;Penhas Juntas
041219;0412;Rebordelo
041221;0412;Santalha
041226;0412;Tuizelo
041227;0412;Vale das Fontes
041229;0412;Vila Boa de Ousilhão
041230;0412;Vila Verde
041232;0412;Vilar de Ossos
041233;0412;Vilar de Peregrinos
041234;0412;Vilar Seco de Lomba
041235;0412;Vinhais
041236;0412;União das freguesias de Curopos e Vale de Janeiro
041237;0412;União das freguesias de Moimenta e Montouto
041238;0412;União das freguesias de Nunes e Ousilhão
041239;0412;União das freguesias de Quirás e Pinheiro Novo
041240;0412;União das freguesias de Sobreiro de Baixo e Alvaredos
041241;0412;União das freguesias de Soeira, Fresulfe e Mofreita
041242;0412;União das freguesias de Travanca e Santa Cruz
041243;0412;União das freguesias de Vilar de Lomba e São Jomil
050102;0501;Caria
050104;0501;Inguias
050105;0501;Maçainhas
050107;0501;Belmonte
050108;0501;Colmeal da Torre
050201;0502;Alcains
050202;0502;Almaceda
050203;0502;Benquerenças
050205;0502;Castelo Branco
050211;0502;Lardosa
050212;0502;Louriçal do Campo
050214;0502;Malpica do Tejo
050216;0502;Monforte da Beira
050220;0502;Salgueiro do Campo
050221;0502;Santo André das Tojeiras
050222;0502;São Vicente da Beira
050223;0502;Sarzedas
050225;0502;Tinalhas
050226;0502;União das freguesias de Cebolais de Cima e Retaxo
050229;0502;União das freguesias de Freixial e Juncal do Campo
050231;0502;União das freguesias de Póvoa de Rio de Moinhos e Cafede
050232;0502;Escalos de Baixo
050233;0502;Escalos de Cima
050234;0502;Lousa
050235;0502;Mata
050236;0502;Ninho do Açor
050237;0502;Sobral do Campo
050302;0503;Aldeia de São Francisco de Assis
050305;0503;Boidobra
050308;0503;Cortes do Meio
050309;0503;Dominguizo
050310;0503;Erada
050311;0503;Ferro
050312;0503;Orjais
050314;0503;Paul
050315;0503;Peraboa
050318;0503;São Jorge da Beira
050322;0503;Sobral de São Miguel
050324;0503;Tortosendo
050325;0503;Unhais da Serra
050327;0503;Verdelhos
050335;0503;União das freguesias de Covilhã e Canhoso
050337;0503;União das freguesias de Teixoso e Sarzedo
050338;0503;União das freguesias de Vale Formoso e Aldeia do Souto
050339;0503;Barco
050340;0503;Cantar-Galo
050341;0503;Casegas
050342;0503;Coutada
050343;0503;Ourondo
050344;0503;Peso
050345;0503;Vales do Rio
050346;0503;Vila do Carvalho
050401;0504;Alcaide
050402;0504;Alcaria
050403;0504;Alcongosta
050406;0504;Alpedrinha
050408;0504;Barroca
050410;0504;Bogas de Cima
050411;0504;Capinha
050412;0504;Castelejo
050413;0504;Castelo Novo
050416;0504;Fatela
050419;0504;Lavacolhos
050420;0504;Orca
050421;0504;Pêro Viseu
050424;0504;Silvares
050425;0504;Soalheira
050426;0504;Souto da Casa
050427;0504;Telhado
050431;0504;Enxames
050432;0504;Três Povos
050433;0504;União das freguesias de Janeiro de Cima e Bogas de Baixo
050434;0504;União das freguesias de Fundão, Valverde, Donas, Aldeia de Joanes e Aldeia Nova do Cabo
050435;0504;União das freguesias de Póvoa de Atalaia e Atalaia do Campo
050436;0504;União das freguesias de Vale de Prazeres e Mata da Rainha
050502;0505;Aldeia de Santa Margarida
050505;0505;Ladoeiro
050506;0505;Medelim
050509;0505;Oledo
050510;0505;Penha Garcia
050511;0505;Proença-a-Velha
050512;0505;Rosmaninhal
050514;0505;São Miguel de Acha
050516;0505;Toulões
050518;0505;União das freguesias de Idanha-a-Nova e Alcafozes
050519;0505;União das freguesias de Monfortinho e Salvaterra do Extremo
050520;0505;União das freguesias de Monsanto e Idanha-a-Velha
050521;0505;União das freguesias de Zebreira e Segura
050601;0506;Álvaro
050603;0506;Cambas
050605;0506;Isna
050606;0506;Madeirã
050607;0506;Mosteiro
050609;0506;Orvalho
050610;0506;Sarnadas de São Simão
050611;0506;Sobral
050613;0506;Estreito-Vilar Barroco
050614;0506;Oleiros-Amieira
050704;0507;Aranhas
050706;0507;Benquerença
050707;0507;Meimão
050708;0507;Meimoa
050710;0507;Penamacor
050711;0507;Salvador
050712;0507;Vale da Senhora da Póvoa
050713;0507;União das freguesias de Aldeia do Bispo, Águas e Aldeia de João Pires
050714;0507;União das freguesias de Pedrógão de São Pedro e Bemposta
050802;0508;Montes da Senhora
050805;0508;São Pedro do Esteval
050807;0508;União das freguesias de Proença-a-Nova e Peral
050808;0508;União das freguesias de Sobreira Formosa e Alvito da Beira
050901;0509;Cabeçudo
050902;0509;Carvalhal
050903;0509;Castelo
050911;0509;Pedrógão Pequeno
050912;0509;Sertã
050913;0509;Troviscal
050914;0509;Várzea dos Cavaleiros
050915;0509;União das freguesias de Cernache do Bonjardim, Nesperal e Palhais
050916;0509;União das freguesias de Cumeada e Marmeleiro
050917;0509;União das freguesias de Ermida e Figueiredo
051001;0510;Fundada
051002;0510;São João do Peso
051003;0510;Vila de Rei
051101;0511;Fratel
051102;0511;Perais
051103;0511;Sarnadas de Ródão
051104;0511;Vila Velha de Ródão
060102;0601;Arganil
060104;0601;Benfeita
060105;0601;Celavisa
060109;0601;Folques
060111;0601;Piódão
060112;0601;Pomares
060113;0601;Pombeiro da Beira
060114;0601;São Martinho da Cortiça
060115;0601;Sarzedo
060116;0601;Secarias
060119;0601;União das freguesias de Cepos e Teixeira
060120;0601;União das freguesias de Cerdeira e Moura da Serra
060121;0601;União das freguesias de Côja e Barril de Alva
060122;0601;União das freguesias de Vila Cova de Alva e Anseriz
060201;0602;Ançã
060203;0602;Cadima
060205;0602;Cordinhã
060207;0602;Febres
060208;0602;Murtede
060209;0602;Ourentã
060214;0602;Tocha
060215;0602;São Caetano
060218;0602;Sanguinheira
060221;0602;União das freguesias de Covões e Camarneira
060222;0602;União das freguesias de Portunhos e Outil
060223;0602;União das freguesias de Sepins e Bolho
060224;0602;União das freguesias de Vilamar e Corticeiro de Cima
060225;0602;Cantanhede
060226;0602;Pocariça
060301;0603;Almalaguês
060309;0603;Brasfemes
060311;0603;Ceira
060312;0603;Cernache
060318;0603;Santo António dos Olivais
060320;0603;São João do Campo
060324;0603;São Silvestre
060329;0603;Torres do Mondego
060332;0603;União das freguesias de Antuzede e Vil de Matos
060333;0603;União das freguesias de Assafarge e Antanhol
060334;0603;União das freguesias de Coimbra (Sé Nova, Santa Cruz, Almedina e São Bartolomeu)
060335;0603;União das freguesias de Eiras e São Paulo de Frades
060336;0603;União das freguesias de Santa Clara e Castelo Viegas
060337;0603;União das freguesias de São Martinho de Árvore e Lamarosa
060338;0603;União das freguesias de São Martinho do Bispo e Ribeira de Frades
060339;0603;União das freguesias de Souselas e Botão
060340;0603;União das freguesias de Taveiro, Ameal e Arzila
060341;0603;União das freguesias de Trouxemil e Torre de Vilela
060401;0604;Anobra
060406;0604;Ega
060407;0604;Furadouro
060410;0604;Zambujal
060411;0604;União das freguesias de Condeixa-a-Velha e Condeixa-a-Nova
060412;0604;União das freguesias de Sebal e Belide
060413;0604;União das freguesias de Vila Seca e Bem da Fé
060502;0605;Alqueidão
060507;0605;Maiorca
060508;0605;Marinha das Ondas
060512;0605;Tavarede
060513;0605;Vila Verde
060514;0605;São Pedro
060515;0605;Bom Sucesso
060518;0605;Moinhos da Gândara
060522;0605;Lavos
060523;0605;Paião
060524;0605;Quiaios
060525;0605;Alhadas
060526;0605;Brenha
060527;0605;Buarcos
060528;0605;Ferreira-a-Nova
060529;0605;Santana
060530;0605;São Julião da Figueira da Foz
060601;0606;Alvares
060604;0606;Góis
060605;0606;Vila Nova do Ceira
060606;0606;União das freguesias de Cadafaz e Colmeal
060704;0607;Serpins
060706;0607;Gândaras
060707;0607;União das freguesias de Foz de Arouce e Casal de Ermio
060709;0607;Lousã
060710;0607;Vilarinho
060801;0608;Mira
060802;0608;Seixo
060803;0608;Carapelhos
060804;0608;Praia de Mira
060901;0609;Lamas
060902;0609;Miranda do Corvo
060905;0609;Vila Nova
060906;0609;União das freguesias de Semide e Rio Vide
061002;0610;Arazede
061003;0610;Carapinheira
061005;0610;Liceia
061006;0610;Meãs do Campo
061008;0610;Pereira
061009;0610;Santo Varão
061010;0610;Seixo de Gatões
061011;0610;Tentúgal
061014;0610;Ereira
061015;0610;União das freguesias de Abrunheira, Verride e Vila Nova da Barca
061016;0610;União das freguesias de Montemor-o-Velho e Gatões
061101;0611;Aldeia das Dez
061102;0611;Alvoco das Várzeas
061103;0611;Avô
061104;0611;Bobadela
061106;0611;Lagares
061109;0611;Lourosa
061110;0611;Meruge
061111;0611;Nogueira do Cravo
061115;0611;São Gião
061118;0611;Seixo da Beira
061119;0611;Travanca de Lagos
061123;0611;União das freguesias de Lagos da Beira e Lajeosa
061124;0611;União das freguesias de Oliveira do Hospital e São Paio de Gramaços
061125;0611;União das freguesias de Penalva de Alva e São Sebastião da Feira
061126;0611;União das freguesias de Santa Ovaia e Vila Pouca da Beira
061127;0611;Ervedal
061128;0611;Vila Franca da Beira
061201;0612;Cabril
061202;0612;Dornelas do Zêzere
061204;0612;Janeiro de Baixo
061206;0612;Pampilhosa da Serra
061207;0612;Pessegueiro
061209;0612;Unhais-o-Velho
061211;0612;Fajão-Vidual
061212;0612;Portela do Fojo-Machio
061301;0613;Carvalho
061302;0613;Figueira de Lorvão
061304;0613;Lorvão
061307;0613;Penacova
061310;0613;Sazes do Lorvão
061312;0613;União das freguesias de Friúmes e Paradela
061313;0613;União das freguesias de Oliveira do Mondego e Travanca do Mondego
061314;0613;União das freguesias de São Pedro de Alva e São Paio de Mondego
061401;0614;Cumeeira
061402;0614;Espinhal
061403;0614;Podentes
061407;0614;União das freguesias de São Miguel, Santa Eufémia e Rabaçal
061501;0615;Alfarelos
061504;0615;Figueiró do Campo
061506;0615;Granja do Ulmeiro
061508;0615;Samuel
061509;0615;Soure
061510;0615;Tapéus
061511;0615;Vila Nova de Anços
061512;0615;Vinha da Rainha
061513;0615;União das freguesias de Degracias e Pombalinho
061514;0615;União das freguesias de Gesteira e Brunhós
061602;0616;Candosa
061603;0616;Carapinha
061608;0616;Midões
061609;0616;Mouronho
061611;0616;Póvoa de Midões
061612;0616;São João da Boa Vista
061614;0616;Tábua
061616;0616;União das freguesias de Ázere e Covelo
061617;0616;União das freguesias de Covas e Vila Nova de Oliveirinha
061618;0616;União das freguesias de Espariz e Sinde
061619;0616;União das freguesias de Pinheiro de Coja e Meda de Mouros
061701;0617;Arrifana
061702;0617;Lavegadas
061703;0617;Poiares (Santo André)
061704;0617;São Miguel de Poiares
070103;0701;Santiago Maior
070104;0701;Capelins (Santo António)
070105;0701;Terena (São Pedro)
070107;0701;União das freguesias de Alandroal, São Brás dos Matos e Juromenha
070201;0702;Arraiolos
070202;0702;Igrejinha
070206;0702;Vimieiro
070209;0702;União das freguesias de São Gregório e Santa Justa
070210;0702;Gafanhoeira (São Pedro)
070211;0702;Sabugueiro
070301;0703;Borba (Matriz)
070302;0703;Orada
070303;0703;Rio de Moinhos
070304;0703;Borba (São Bartolomeu)
070401;0704;Arcos
070402;0704;Glória
070404;0704;Évora Monte (Santa Maria)
070411;0704;São Domingos de Ana Loura
070413;0704;Veiros
070414;0704;União das freguesias de Estremoz (Santa Maria e Santo André)
070415;0704;União das freguesias de São Bento do Cortiço e Santo Estêvão
070416;0704;União das freguesias de São Lourenço de Mamporcão e São Bento de Ana Loura
070417;0704;União das freguesias do Ameixial (Santa Vitória e São Bento)
070502;0705;Nossa Senhora da Graça do Divor
070503;0705;Nossa Senhora de Machede
070506;0705;São Bento do Mato
070509;0705;São Miguel de Machede
070513;0705;Torre de Coelheiros
070515;0705;Canaviais
070522;0705;União das freguesias de Bacelo e Senhora da Saúde
070523;0705;União das freguesias de Évora (São Mamede, Sé, São Pedro e Santo Antão)
070524;0705;União das freguesias de Malagueira e Horta das Figueiras
070525;0705;União das freguesias de Nossa Senhora da Tourega e Nossa Senhora de Guadalupe
070526;0705;União das freguesias de São Manços e São Vicente do Pigeiro
070527;0705;União das freguesias de São Sebastião da Giesteira e Nossa Senhora da Boa Fé
070601;0706;Cabrela
070605;0706;Santiago do Escoural
070606;0706;São Cristóvão
070607;0706;Ciborro
070610;0706;Foros de Vale de Figueira
070613;0706;Cortiçadas de Lavre
070614;0706;Lavre
070615;0706;Nossa Senhora da Vila
070616;0706;Nossa Senhora do Bispo
070617;0706;Silveiras
070701;0707;Brotas
070702;0707;Cabeção
070703;0707;Mora
070704;0707;Pavia
070801;0708;Granja
070802;0708;Luz
070803;0708;Mourão
070903;0709;Monte do Trigo
070905;0709;Portel
070906;0709;Santana
070908;0709;Vera Cruz
070911;0709;Alqueva
070912;0709;Amieira
070913;0709;Oriola
070914;0709;São Bartolomeu do Outeiro
071001;0710;Montoito
071002;0710;Redondo
071102;0711;Corval
071103;0711;Monsaraz
071104;0711;Reguengos de Monsaraz
071106;0711;União das freguesias de Campo e Campinho
071201;0712;Vendas Novas
071202;0712;Landeira
071301;0713;Alcáçovas
071302;0713;Viana do Alentejo
071303;0713;Aguiar
071401;0714;Bencatel
071402;0714;Ciladas
071404;0714;Pardais
071406;0714;Nossa Senhora da Conceição e São Bartolomeu
080102;0801;Guia
080103;0801;Paderne
080104;0801;Ferreiras
080106;0801;Albufeira e Olhos de Água
080202;0802;Giões
080203;0802;Martim Longo
080205;0802;Vaqueiros
080206;0802;União das freguesias de Alcoutim e Pereiro
080301;0803;Aljezur
080302;0803;Bordeira
080303;0803;Odeceixe
080304;0803;Rogil
080401;0804;Azinhal
080402;0804;Castro Marim
080403;0804;Odeleite
080404;0804;Altura
080503;0805;Santa Bárbara de Nexe
080506;0805;Montenegro
080508;0805;União das freguesias de Faro (Sé e São Pedro)
080509;0805;Conceição
080510;0805;Estoi
080602;0806;Ferragudo
080604;0806;Porches
080607;0806;União das freguesias de Estômbar e Parchal
080608;0806;União das freguesias de Lagoa e Carvoeiro
080703;0807;Luz
080704;0807;Odiáxere
080708;0807;São Gonçalo de Lagos
080709;0807;Barão de São João
080710;0807;Bensafrim
080801;0808;Almancil
080802;0808;Alte
080803;0808;Ameixial
080804;0808;Boliqueime
080805;0808;Quarteira
080807;0808;Salir
080808;0808;Loulé (São Clemente)
080809;0808;Loulé (São Sebastião)
080813;0808;Benafim
080814;0808;Querença
080815;0808;Tôr
080901;0809;Alferce
080902;0809;Marmelete
080903;0809;Monchique
081003;0810;Olhão
081004;0810;Pechão
081005;0810;Quelfes
081007;0810;Fuseta
081008;0810;Moncarapacho
081101;0811;Alvor
081102;0811;Mexilhoeira Grande
081103;0811;Portimão
081201;0812;São Brás de Alportel
081303;0813;Armação de Pêra
081305;0813;São Bartolomeu de Messines
081306;0813;São Marcos da Serra
081307;0813;Silves
081311;0813;Alcantarilha
081312;0813;Algoz
081313;0813;Pêra
081314;0813;Tunes
081401;0814;Cachopo
081404;0814;Santa Catarina da Fonte do Bispo
081408;0814;Santa Luzia
081412;0814;União das freguesias de Tavira (Santa Maria e Santiago)
081413;0814;Cabanas de Tavira
081414;0814;Conceição
081415;0814;Luz de Tavira
081416;0814;Santo Estêvão
081501;0815;Barão de São Miguel
081502;0815;Budens
081504;0815;Sagres
081506;0815;Vila do Bispo e Raposeira
081601;0816;Vila Nova de Cacela
081602;0816;Vila Real de Santo António
081603;0816;Monte Gordo
090102;0901;Carapito
090103;0901;Cortiçada
090105;0901;Dornelas
090106;0901;Eirado
090107;0901;Forninhos
090109;0901;Pena Verde
090110;0901;Pinheiro
090114;0901;União das freguesias de Aguiar da Beira e Coruche
090115;0901;União das freguesias de Sequeiros e Gradiz
090116;0901;União das freguesias de Souto de Aguiar da Beira e Valverde
090203;0902;Almeida
090207;0902;Castelo Bom
090209;0902;Freineda
090210;0902;Freixo
090213;0902;Malhada Sorda
090219;0902;Nave de Haver
090224;0902;São Pedro de Rio Seco
090227;0902;Vale da Mula
090229;0902;Vilar Formoso
090230;0902;União das freguesias de Amoreira, Parada e Cabreira
090231;0902;União das freguesias de Azinhal, Peva e Valverde
090232;0902;União das freguesias de Castelo Mendo, Ade, Monteperobolso e Mesquitela
090233;0902;União das freguesias de Junça e Naves
090234;0902;União das freguesias de Leomil, Mido, Senouras e Aldeia Nova
090235;0902;União das freguesias de Malpartida e Vale de Coelha
090236;0902;União das freguesias de Miuzela e Porto de Ovelha
090302;0903;Baraçal
090304;0903;Carrapichana
090306;0903;Forno Telheiro
090307;0903;Lajeosa do Mondego
090308;0903;Linhares
090309;0903;Maçal do Chão
090310;0903;Mesquitela
090311;0903;Minhocal
090312;0903;Prados
090314;0903;Ratoeira
090318;0903;Vale de Azares
090322;0903;Casas do Soeiro
090323;0903;União das freguesias de Açores e Velosa
090324;0903;União das freguesias de Celorico (São Pedro e Santa Maria) e Vila Boa do Mondego
090325;0903;União das freguesias de Cortiçô da Serra, Vide entre Vinhas e Salgueirais
090326;0903;União das freguesias de Rapa e Cadafaz
090403;0904;Castelo Rodrigo
090406;0904;Escalhão
090408;0904;Figueira de Castelo Rodrigo
090410;0904;Mata de Lobos
090415;0904;Vermiosa
090418;0904;União das freguesias de Algodres, Vale de Afonsinho e Vilar de Amargo
090419;0904;União das freguesias de Almofala e Escarigo
090420;0904;União das freguesias de Cinco Vilas e Reigada
090421;0904;União das freguesias de Freixeda do Torrão, Quintã de Pêro Martins e Penha de Águia
090422;0904;União das freguesias do Colmeal e Vilar Torpim
090501;0905;Algodres
090502;0905;Casal Vasco
090504;0905;Figueiró da Granja
090505;0905;Fornos de Algodres
090507;0905;Infias
090509;0905;Maceira
090510;0905;Matança
090511;0905;Muxagata
090512;0905;Queiriz
090517;0905;União das freguesias de Cortiçô e Vila Chã
090518;0905;União das freguesias de Juncais, Vila Ruiva e Vila Soeiro do Chão
090519;0905;União das freguesias de Sobral Pichorro e Fuinhas
090602;0906;Arcozelo
090603;0906;Cativelos
090605;0906;Folgosinho
090612;0906;Nespereira
090613;0906;Paços da Serra
090614;0906;Ribamondego
090617;0906;São Paio
090619;0906;Vila Cortês da Serra
090620;0906;Vila Franca da Serra
090621;0906;Vila Nova de Tazem
090623;0906;União das freguesias de Aldeias e Mangualde da Serra
090624;0906;União das freguesias de Figueiró da Serra e Freixo da Serra
090625;0906;Gouveia
090626;0906;União das freguesias de Melo e Nabais
090627;0906;União das freguesias de Moimenta da Serra e Vinhó
090628;0906;União das freguesias de Rio Torto e Lagarinhos
090703;0907;Aldeia do Bispo
090704;0907;Aldeia Viçosa
090705;0907;Alvendre
090706;0907;Arrifana
090708;0907;Avelãs da Ribeira
090709;0907;Benespera
090711;0907;Casal de Cinza
090712;0907;Castanheira
090713;0907;Cavadoude
090714;0907;Codesseiro
090716;0907;Faia
090717;0907;Famalicão
090718;0907;Fernão Joanes
090721;0907;Gonçalo Bocas
090722;0907;João Antão
090723;0907;Maçainhas
090724;0907;Marmeleiro
090725;0907;Meios
090728;0907;Panoias de Cima
090729;0907;Pega
090730;0907;Pêra do Moço
090732;0907;Porto da Carne
090734;0907;Ramela
090738;0907;Santana da Azinha
090744;0907;Sobral da Serra
090746;0907;Vale de Estrela
090747;0907;Valhelhas
090748;0907;Vela
090749;0907;Videmonte
090750;0907;Vila Cortês do Mondego
090751;0907;Vila Fernando
090752;0907;Vila Franca do Deão
090753;0907;Vila Garcia
090757;0907;Gonçalo
090758;0907;Guarda
090759;0907;Jarmelo São Miguel
090760;0907;Jarmelo São Pedro
090761;0907;União de freguesias de Avelãs de Ambom e Rocamondo
090762;0907;União de freguesias de Corujeira e Trinta
090763;0907;União de freguesias de Mizarela, Pêro Soares e Vila Soeiro
090764;0907;União de freguesias de Pousade e Albardo
090765;0907;União de freguesias de Rochoso e Monte Margarida
090766;0907;Adão
090801;0908;Sameiro
090802;0908;Manteigas (Santa Maria)
090803;0908;Manteigas (São Pedro)
090804;0908;Vale de Amoreira
090901;0909;Aveloso
090902;0909;Barreira
090905;0909;Coriscada
090907;0909;Longroiva
090908;0909;Marialva
090912;0909;Poço do Canto
090914;0909;Rabaçal
090915;0909;Ranhados
090917;0909;Mêda, Outeiro de Gatos e Fonte Longa
090918;0909;Prova e Casteição
090919;0909;União das freguesias de Vale Flor, Carvalhal e Pai Penela
091009;0910;Ervedosa
091010;0910;Freixedas
091012;0910;Lamegal
091013;0910;Lameiras
091014;0910;Manigoto
091015;0910;Pala
091017;0910;Pinhel
091018;0910;Pínzio
091024;0910;Souro Pires
091027;0910;Vascoveiro
091028;0910;Agregação das freguesias Sul de Pinhel
091029;0910;Alverca da Beira/Bouça Cova
091030;0910;Terras de Massueime
091031;0910;Valbom/Bogalhal
091032;0910;Alto do Palurdo
091033;0910;Vale do Côa
091034;0910;Vale do Massueime
091035;0910;União das freguesias de Atalaia e Safurdão
091101;0911;Águas Belas
091102;0911;Aldeia do Bispo
091103;0911;Aldeia da Ponte
091106;0911;Aldeia Velha
091107;0911;Alfaiates
091109;0911;Baraçal
091110;0911;Bendada
091111;0911;Bismula
091112;0911;Casteleiro
091113;0911;Cerdeira
091114;0911;Fóios
091118;0911;Malcata
091120;0911;Nave
091123;0911;Quadrazais
091124;0911;Quintas de São Bartolomeu
091125;0911;Rapoula do Côa
091126;0911;Rebolosa
091127;0911;Rendo
091133;0911;Sortelha
091134;0911;Souto
091136;0911;Vale de Espinho
091138;0911;Vila Boa
091139;0911;Vila do Touro
091141;0911;União das freguesias de Aldeia da Ribeira, Vilar Maior e Badamalos
091142;0911;União das freguesias de Lajeosa e Forcalhos
091143;0911;União das freguesias de Pousafoles do Bispo, Pena Lobo e Lomba
091144;0911;União das freguesias de Ruvina, Ruivós e Vale das Éguas
091145;0911;União das freguesias do Sabugal e Aldeia de Santo António
091146;0911;União das freguesias de Santo Estêvão e Moita
091147;0911;União das freguesias de Seixo do Côa e Vale Longo
091201;0912;Alvoco da Serra
091205;0912;Girabolhos
091207;0912;Loriga
091208;0912;Paranhos
091209;0912;Pinhanços
091210;0912;Sabugueiro
091212;0912;Sandomil
091213;0912;Santa Comba
091216;0912;Santiago
091219;0912;Sazes da Beira
091221;0912;Teixeira
091224;0912;Travancinha
091225;0912;Valezim
091228;0912;Vila Cova à Coelheira
091230;0912;União das freguesias de Carragozela e Várzea de Meruge
091231;0912;União das freguesias de Sameice e Santa Eulália
091234;0912;União das freguesias de Torrozelo e Folhadosa
091235;0912;União das freguesias de Tourais e Lajes
091236;0912;União das freguesias de Vide e Cabeça
091237;0912;Lapa dos Dinheiros
091238;0912;Santa Marinha
091239;0912;São Martinho
091240;0912;São Romão
091241;0912;Seia
091301;0913;Aldeia Nova
091303;0913;Castanheira
091304;0913;Cogula
091305;0913;Cótimos
091307;0913;Fiães
091309;0913;Granja
091310;0913;Guilheiro
091311;0913;Moimentinha
091312;0913;Moreira de Rei
091313;0913;Palhais
091314;0913;Póvoa do Concelho
091315;0913;Reboleiro
091316;0913;Rio de Mel
091321;0913;Tamanhos
091325;0913;Valdujo
091330;0913;União das freguesias de Freches e Torres
091331;0913;União das freguesias de Torre do Terrenho, Sebadelhe da Serra e Terrenho
091332;0913;União das freguesias de Trancoso (São Pedro e Santa Maria) e Souto Maior
091333;0913;União das freguesias de Vale do Seixo e Vila Garcia
091334;0913;União das freguesias de Vila Franca das Naves e Feital
091335;0913;União das freguesias de Vilares e Carnicães
091401;0914;Almendra
091402;0914;Castelo Melhor
091403;0914;Cedovim
091404;0914;Chãs
091405;0914;Custóias
091407;0914;Horta
091410;0914;Muxagata
091411;0914;Numão
091412;0914;Santa Comba
091414;0914;Sebadelhe
091415;0914;Seixas
091416;0914;Touça
091418;0914;Freixo de Numão
091419;0914;Vila Nova de Foz Côa
100102;1001;Alfeizerão
100104;1001;Bárrio
100105;1001;Benedita
100106;1001;Cela
100108;1001;Évora de Alcobaça
100109;1001;Maiorga
100112;1001;São Martinho do Porto
100114;1001;Turquel
100116;1001;Vimeiro
100120;1001;Aljubarrota
100121;1001;União das freguesias de Alcobaça e Vestiaria
100122;1001;União das freguesias de Coz, Alpedriz e Montes
100123;1001;União das freguesias de Pataias e Martingança
100201;1002;Almoster
100204;1002;Maçãs de Dona Maria
100205;1002;Pelmá
100208;1002;Alvaiázere
100209;1002;Pussos São Pedro
100301;1003;Alvorge
100303;1003;Avelar
100304;1003;Chão de Couce
100306;1003;Pousaflores
100307;1003;Santiago da Guarda
100309;1003;Ansião
100401;1004;Batalha
100402;1004;Reguengo do Fetal
100403;1004;São Mamede
100404;1004;Golpilheira
100502;1005;Carvalhal
100503;1005;Roliça
100505;1005;Pó
100506;1005;União das freguesias do Bombarral e Vale Covo
100601;1006;A dos Francos
100602;1006;Alvorninha
100604;1006;Carvalhal Benfeito
100606;1006;Foz do Arelho
100607;1006;Landal
100608;1006;Nadadouro
100609;1006;Salir de Matos
100611;1006;Santa Catarina
100615;1006;Vidais
100617;1006;União das freguesias de Caldas da Rainha - Nossa Senhora do Pópulo, Coto e São Gregório
100618;1006;União das freguesias de Caldas da Rainha - Santo Onofre e Serra do Bouro
100619;1006;União das freguesias de Tornada e Salir do Porto
100703;1007;União das freguesias de Castanheira de Pêra e Coentral
100801;1008;Aguda
100802;1008;Arega
100803;1008;Campelo
100806;1008;União das freguesias de Figueiró dos Vinhos e Bairradas
100901;1009;Amor
100902;1009;Arrabal
100907;1009;Caranguejeira
100909;1009;Coimbrão
100913;1009;Maceira
100915;1009;Milagres
100921;1009;Regueira de Pontes
100925;1009;Bajouca
100926;1009;Bidoeira de Cima
100932;1009;União das freguesias de Colmeias e Memória
100933;1009;União das freguesias de Leiria, Pousos, Barreira e Cortes
100934;1009;União das freguesias de Marrazes e Barosa
100935;1009;União das freguesias de Monte Real e Carvide
100937;1009;União das freguesias de Parceiros e Azoia
100938;1009;União das freguesias de Santa Catarina da Serra e Chainça
100939;1009;União das freguesias de Santa Eufémia e Boa Vista
100941;1009;Carreira
100942;1009;Monte Redondo
100943;1009;Ortigosa
100944;1009;Souto da Carpalhosa
101001;1010;Marinha Grande
101002;1010;Vieira de Leiria
101003;1010;Moita
101101;1011;Famalicão
101102;1011;Nazaré
101103;1011;Valado dos Frades
101201;1012;A dos Negros
101202;1012;Amoreira
101203;1012;Olho Marinho
101207;1012;Vau
101208;1012;Gaeiras
101209;1012;Usseira
101210;1012;Santa Maria, São Pedro e Sobral da Lagoa
101301;1013;Graça
101302;1013;Pedrógão Grande
101303;1013;Vila Facaia
101402;1014;Atouguia da Baleia
101405;1014;Serra d'El-Rei
101406;1014;Ferrel
101407;1014;Peniche
101501;1015;Abiul
101503;1015;Almagreira
101504;1015;Carnide
101505;1015;Carriço
101506;1015;Louriçal
101508;1015;Pelariga
101509;1015;Pombal
101510;1015;Redinha
101513;1015;Vermoil
101514;1015;Vila Cã
101515;1015;Meirinhas
101520;1015;Albergaria dos Doze
101521;1015;Guia
101522;1015;Ilha
101523;1015;Mata Mourisca
101524;1015;Santiago de Litém
101525;1015;São Simão de Litém
101602;1016;Alqueidão da Serra
101605;1016;Calvaria de Cima
101606;1016;Juncal
101608;1016;Mira de Aire
101609;1016;Pedreiras
101610;1016;São Bento
101613;1016;Serro Ventoso
101614;1016;Porto de Mós - São João Baptista e São Pedro
101615;1016;União das freguesias de Alvados e Alcaria
101616;1016;União das freguesias de Arrimal e Mendiga
110106;1101;Carnota
110107;1101;Meca
110108;1101;Olhalvo
110109;1101;Ota
110113;1101;Ventosa
110114;1101;Vila Verde dos Francos
110117;1101;União das freguesias de Abrigada e Cabanas de Torres
110118;1101;União das freguesias de Aldeia Galega da Merceana e Aldeia Gavinha
110119;1101;União das freguesias de Alenquer (Santo Estêvão e Triana)
110120;1101;União das freguesias de Carregado e Cadafais
110121;1101;União das freguesias de Ribafria e Pereiro de Palhacana
110201;1102;Arranhó
110202;1102;Arruda dos Vinhos
110203;1102;Cardosas
110204;1102;S. Tiago dos Velhos
110301;1103;Alcoentre
110302;1103;Aveiras de Baixo
110303;1103;Aveiras de Cima
110304;1103;Azambuja
110306;1103;Vale do Paraíso
110307;1103;Vila Nova da Rainha
110310;1103;União das freguesias de Manique do Intendente, Vila Nova de São Pedro e Maçussa
110401;1104;Alguber
110407;1104;Peral
110409;1104;Vermelha
110410;1104;Vilar
110411;1104;União das freguesias do Cadaval e Pêro Moniz
110412;1104;União das freguesias de Lamas e Cercal
110413;1104;União das freguesias de Painho e Figueiros
110501;1105;Alcabideche
110506;1105;São Domingos de Rana
110507;1105;União das freguesias de Carcavelos e Parede
110508;1105;União das freguesias de Cascais e Estoril
110601;1106;Ajuda
110602;1106;Alcântara
110607;1106;Beato
110608;1106;Benfica
110610;1106;Campolide
110611;1106;Carnide
110618;1106;Lumiar
110621;1106;Marvila
110633;1106;Olivais
110639;1106;São Domingos de Benfica
110654;1106;Alvalade
110655;1106;Areeiro
110656;1106;Arroios
110657;1106;Avenidas Novas
110658;1106;Belém
110659;1106;Campo de Ourique
110660;1106;Estrela
110661;1106;Misericórdia
110662;1106;Parque das Nações
110663;1106;Penha de França
110664;1106;Santa Clara
110665;1106;Santa Maria Maior
110666;1106;Santo António
110667;1106;São Vicente
110702;1107;Bucelas
110705;1107;Fanhões
110707;1107;Loures
110708;1107;Lousa
110726;1107;União das freguesias de Moscavide e Portela
110727;1107;União das freguesias de Sacavém e Prior Velho
110728;1107;União das freguesias de Santa Iria de Azoia, São João da Talha e Bobadela
110729;1107;União das freguesias de Santo Antão e São Julião do Tojal
110730;1107;União das freguesias de Santo António dos Cavaleiros e Frielas
110731;1107;União das freguesias de Camarate, Unhos e Apelação
110803;1108;Moita dos Ferreiros
110805;1108;Reguengo Grande
110806;1108;Santa Bárbara
110808;1108;Vimeiro
110810;1108;Ribamar
110813;1108;União das freguesias de Miragaia e Marteleira
110814;1108;União das freguesias de São Bartolomeu dos Galegos e Moledo
110815;1108;Atalaia
110816;1108;Lourinhã
110902;1109;Carvoeira
110904;1109;Encarnação
110906;1109;Ericeira
110909;1109;Mafra
110911;1109;Milharado
110913;1109;Santo Isidoro
110918;1109;União das freguesias de Azueira e Sobral da Abelheira
110919;1109;União das freguesias de Enxara do Bispo, Gradil e Vila Franca do Rosário
110920;1109;União das freguesias de Igreja Nova e Cheleiros
110921;1109;União das freguesias de Malveira e São Miguel de Alcainça
110922;1109;União das freguesias de Venda do Pinheiro e Santo Estêvão das Galés
111002;1110;Barcarena
111009;1110;Porto Salvo
111012;1110;União das freguesias de Algés, Linda-a-Velha e Cruz Quebrada-Dafundo
111013;1110;União das freguesias de Carnaxide e Queijas
111014;1110;União das freguesias de Oeiras e São Julião da Barra, Paço de Arcos e Caxias
111102;1111;Algueirão-Mem Martins
111105;1111;Colares
111108;1111;Rio de Mouro
111115;1111;Casal de Cambra
111122;1111;União das freguesias de Agualva e Mira-Sintra
111124;1111;União das freguesias do Cacém e São Marcos
111125;1111;União das freguesias de Massamá e Monte Abraão
111128;1111;União das freguesias de Sintra (Santa Maria e São Miguel, São Martinho e São Pedro de Penaferrim)
111129;1111;Almargem do Bispo
111130;1111;Belas
111131;1111;Montelavar
111132;1111;Pêro Pinheiro
111133;1111;Queluz
111134;1111;São João das Lampas
111135;1111;Terrugem
111201;1112;Santo Quintino
111202;1112;Sapataria
111203;1112;Sobral de Monte Agraço
111306;1113;Freiria
111310;1113;Ponte do Rol
111311;1113;Ramalhal
111314;1113;São Pedro da Cadeira
111316;1113;Silveira
111317;1113;Turcifal
111318;1113;Ventosa
111322;1113;União das freguesias de Campelos e Outeiro da Cabeça
111323;1113;União das freguesias de Carvoeira e Carmões
111325;1113;União das freguesias de Maxial e Monte Redondo
111326;1113;Santa Maria, São Pedro e Matacães
111327;1113;A dos Cunhados
111328;1113;Dois Portos
111329;1113;Maceira
111330;1113;Runa
111408;1114;Vialonga
111409;1114;Vila Franca de Xira
111412;1114;União das freguesias de Alhandra, São João dos Montes e Calhandriz
111413;1114;União das freguesias de Alverca do Ribatejo e Sobralinho
111414;1114;União das freguesias de Castanheira do Ribatejo e Cachoeiras
111415;1114;União das freguesias de Póvoa de Santa Iria e Forte da Casa
111512;1115;Alfragide
111513;1115;Águas Livres
111514;1115;Encosta do Sol
111515;1115;Falagueira-Venda Nova
111516;1115;Mina de Água
111517;1115;Venteira
111603;1116;Odivelas
111608;1116;União das freguesias de Pontinha e Famões
111609;1116;União das freguesias de Póvoa de Santo Adrião e Olival Basto
111610;1116;União das freguesias de Ramada e Caneças
120101;1201;Alter do Chão
120102;1201;Chancelaria
120103;1201;Seda
120104;1201;Cunheira
120201;1202;Assunção
120202;1202;Esperança
120203;1202;Mosteiros
120302;1203;Aldeia Velha
120303;1203;Avis
120305;1203;Ervedal
120306;1203;Figueira e Barros
120309;1203;União das freguesias de Alcórrego e Maranhão
120310;1203;União das freguesias de Benavila e Valongo
120401;1204;Nossa Senhora da Expectação
120402;1204;Nossa Senhora da Graça dos Degolados
120403;1204;São João Baptista
120501;1205;Nossa Senhora da Graça de Póvoa e Meadas
120502;1205;Santa Maria da Devesa
120503;1205;Santiago Maior
120504;1205;São João Baptista
120601;1206;Aldeia da Mata
120604;1206;Gáfete
120605;1206;Monte da Pedra
120607;1206;União das freguesias de Crato e Mártires, Flor da Rosa e Vale do Peso
120706;1207;Santa Eulália
120707;1207;São Brás e São Lourenço
120708;1207;São Vicente e Ventosa
120712;1207;Assunção, Ajuda, Salvador e Santo Ildefonso
120713;1207;Caia, São Pedro e Alcáçova
120714;1207;União das freguesias de Barbacena e Vila Fernando
120716;1207;Terrugem
120717;1207;Vila Boim
120801;1208;Cabeço de Vide
120802;1208;Fronteira
120803;1208;São Saturnino
120902;1209;Belver
120903;1209;Comenda
120905;1209;Margem
120906;1209;União das freguesias de Gavião e Atalaia
121001;1210;Beirã
121002;1210;Santa Maria de Marvão
121003;1210;Santo António das Areias
121004;1210;São Salvador da Aramenha
121101;1211;Assumar
121102;1211;Monforte
121103;1211;Santo Aleixo
121104;1211;Vaiamonte
121201;1212;Alpalhão
121205;1212;Montalvão
121207;1212;Santana
121208;1212;São Matias
121210;1212;Tolosa
121211;1212;União das freguesias de Arez e Amieira do Tejo
121212;1212;União das freguesias de Espírito Santo, Nossa Senhora da Graça e São Simão
121301;1213;Galveias
121302;1213;Montargil
121304;1213;Foros de Arrão
121305;1213;Longomel
121309;1213;Ponte de Sor
121310;1213;Tramaga
121311;1213;Vale de Açor
121401;1214;Alagoa
121402;1214;Alegrete
121404;1214;Fortios
121410;1214;Urra
121411;1214;União das freguesias da Sé e São Lourenço
121412;1214;União das freguesias de Reguengo e São Julião
121413;1214;União das freguesias de Ribeira de Nisa e Carreiras
121501;1215;Cano
121502;1215;Casa Branca
121503;1215;Santo Amaro
121504;1215;Sousel
130103;1301;Ansiães
130107;1301;Candemil
130112;1301;Fregim
130115;1301;Fridão
130117;1301;Gondar
130118;1301;Jazente
130119;1301;Lomba
130120;1301;Louredo
130121;1301;Lufrei
130123;1301;Mancelos
130126;1301;Padronelo
130128;1301;Rebordelo
130129;1301;Salvador do Monte
130134;1301;Gouveia (São Simão)
130135;1301;Telões
130136;1301;Travanca
130138;1301;Vila Caiz
130139;1301;Vila Chã do Marão
130141;1301;União das freguesias de Aboadela, Sanche e Várzea
130142;1301;União das freguesias de Amarante (São Gonçalo), Madalena, Cepelos e Gatão
130143;1301;União das freguesias de Bustelo, Carneiro e Carvalho de Rei
130144;1301;União das freguesias de Figueiró (Santiago e Santa Cristina)
130145;1301;União das freguesias de Freixo de Cima e de Baixo
130146;1301;União das freguesias de Olo e Canadelo
130147;1301;Vila Meã
130148;1301;União das freguesias de Vila Garcia, Aboim e Chapa
130204;1302;Frende
130205;1302;Gestaçô
130206;1302;Gove
130207;1302;Grilo
130208;1302;Loivos do Monte
130215;1302;Santa Marinha do Zêzere
130219;1302;Valadares
130220;1302;Viariz
130221;1302;União das freguesias de Ancede e Ribadouro
130222;1302;União das freguesias de Baião (Santa Leocádia) e Mesquinhata
130223;1302;União das freguesias de Campelo e Ovil
130224;1302;União das freguesias de Loivos da Ribeira e Tresouras
130225;1302;União das freguesias de Santa Cruz do Douro e São Tomé de Covelas
130226;1302;União das freguesias de Teixeira e Teixeiró
130301;1303;Aião
130302;1303;Airães
130305;1303;Friande
130306;1303;Idães
130307;1303;Jugueiros
130313;1303;Penacova
130314;1303;Pinheiro
130315;1303;Pombeiro de Ribavizela
130317;1303;Refontoura
130318;1303;Regilde
130319;1303;Revinhade
130324;1303;Sendim
130334;1303;União das freguesias de Macieira da Lixa e Caramos
130335;1303;União das freguesias de Margaride (Santa Eulália), Várzea, Lagares, Varziela e Moure
130336;1303;União das freguesias de Pedreira, Rande e Sernande
130337;1303;União das freguesias de Torrados e Sousa
130338;1303;União das freguesias de Unhão e Lordelo
130339;1303;União das freguesias de Vila Cova da Lixa e Borba de Godim
130340;1303;União das freguesias de Vila Fria e Vizela (São Jorge)
130341;1303;União das freguesias de Vila Verde e Santão
130405;1304;Lomba
130408;1304;Rio Tinto
130412;1304;Baguim do Monte (Rio Tinto)
130413;1304;União das freguesias de Fânzeres e São Pedro da Cova
130414;1304;União das freguesias de Foz do Sousa e Covelo
130415;1304;União das freguesias de Gondomar (São Cosme), Valbom e Jovim
130416;1304;União das freguesias de Melres e Medas
130502;1305;Aveleda
130504;1305;Caíde de Rei
130510;1305;Lodares
130512;1305;Macieira
130513;1305;Meinedo
130515;1305;Nevogilde
130524;1305;Sousela
130525;1305;Torno
130526;1305;Vilar do Torno e Alentém
130527;1305;União das freguesias de Cernadelo e Lousada (São Miguel e Santa Margarida)
130528;1305;União das freguesias de Cristelos, Boim e Ordem
130529;1305;União das freguesias de Figueiras e Covas
130531;1305;União das freguesias de Nespereira e Casais
130532;1305;União das freguesias de Silvares, Pias, Nogueira e Alvarenga
130533;1305;Barrosas (Santo Estêvão)
130534;1305;Lustosa
130601;1306;Águas Santas
130603;1306;Folgosa
130608;1306;Milheirós
130609;1306;Moreira
130613;1306;São Pedro Fins
130616;1306;Vila Nova da Telha
130617;1306;Pedrouços
130618;1306;Castêlo da Maia
130619;1306;Cidade da Maia
130620;1306;Nogueira e Silva Escura
130704;1307;Banho e Carvalhosa
130705;1307;Constance
130722;1307;Soalhães
130723;1307;Sobretâmega
130724;1307;Tabuado
130730;1307;Vila Boa do Bispo
130732;1307;Alpendorada, Várzea e Torrão
130733;1307;Avessadas e Rosém
130734;1307;Bem Viver
130735;1307;Santo Isidoro e Livração
130736;1307;Marco
130737;1307;Paredes de Viadores e Manhuncelos
130739;1307;Sande e São Lourenço do Douro
130740;1307;Várzea, Aliviada e Folhada
130741;1307;Vila Boa de Quires e Maureles
130742;1307;Paços de Gaiolo
130743;1307;Penha Longa
130815;1308;Custóias
130816;1308;Guifões
130817;1308;Lavra
130818;1308;Leça da Palmeira
130819;1308;Leça do Balio
130820;1308;Matosinhos
130821;1308;Perafita
130822;1308;Santa Cruz do Bispo
130823;1308;São Mamede de Infesta
130824;1308;Senhora da Hora
130902;1309;Carvalhosa
130904;1309;Eiriz
130905;1309;Ferreira
130906;1309;Figueiró
130908;1309;Freamunde
130910;1309;Meixomil
130913;1309;Penamaior
130914;1309;Raimonda
130916;1309;Seroa
130920;1309;Arreigada
130921;1309;Codessos
130922;1309;Frazão
130923;1309;Lamoso
130924;1309;Modelos
130925;1309;Paços de Ferreira
130926;1309;Sanfins de Ferreira
131001;1310;Aguiar de Sousa
131002;1310;Astromil
131003;1310;Baltar
131004;1310;Beire
131008;1310;Cete
131009;1310;Cristelo
131010;1310;Duas Igrejas
131011;1310;Gandra
131013;1310;Lordelo
131014;1310;Louredo
131017;1310;Parada de Todeia
131018;1310;Rebordosa
131019;1310;Recarei
131020;1310;Sobreira
131021;1310;Sobrosa
131022;1310;Vandoma
131024;1310;Vilela
131025;1310;Paredes
131101;1311;Abragão
131102;1311;Boelhe
131103;1311;Bustelo
131104;1311;Cabeça Santa
131105;1311;Canelas
131106;1311;Capela
131107;1311;Castelões
131108;1311;Croca
131109;1311;Duas Igrejas
131110;1311;Eja
131112;1311;Fonte Arcada
131113;1311;Galegos
131115;1311;Irivo
131121;1311;Oldrões
131122;1311;Paço de Sousa
131125;1311;Perozelo
131128;1311;Rans
131129;1311;Rio de Moinhos
131132;1311;Recezinhos (São Mamede)
131133;1311;Recezinhos (São Martinho)
131134;1311;Sebolido
131136;1311;Valpedre
131138;1311;Rio Mau
131139;1311;Penafiel
131140;1311;Luzim e Vila Cova
131141;1311;Guilhufe e Urrô
131142;1311;Lagares e Figueira
131143;1311;Termas de São Vicente
131202;1312;Bonfim
131203;1312;Campanhã
131210;1312;Paranhos
131211;1312;Ramalde
131216;1312;União das freguesias de Aldoar, Foz do Douro e Nevogilde
131217;1312;União das freguesias de Cedofeita, Santo Ildefonso, Sé, Miragaia, São Nicolau e Vitória
131218;1312;União das freguesias de Lordelo do Ouro e Massarelos
131305;1313;Balazar
131307;1313;Estela
131308;1313;Laundos
131311;1313;Rates
131316;1313;Aguçadoura
131317;1313;Amorim
131318;1313;Argivai
131319;1313;Aver-o-Mar
131320;1313;Beiriz
131321;1313;Navais
131322;1313;Póvoa de Varzim
131323;1313;Terroso
131401;1314;Agrela
131402;1314;Água Longa
131405;1314;Aves
131413;1314;Monte Córdova
131416;1314;Rebordões
131418;1314;Reguenga
131419;1314;Roriz
131430;1314;Negrelos (São Tomé)
131432;1314;Vilarinho
131433;1314;União das freguesias de Areias, Sequeiró, Lama e Palmeira
131434;1314;Vila Nova do Campo
131435;1314;União das freguesias de Carreira e Refojos de Riba de Ave
131436;1314;União das freguesias de Lamelas e Guimarei
131437;1314;União das freguesias de Santo Tirso, Couto (Santa Cristina e São Miguel) e Burgães
131501;1315;Alfena
131503;1315;Ermesinde
131505;1315;Valongo
131507;1315;Campo
131508;1315;Sobrado
131602;1316;Árvore
131603;1316;Aveleda
131604;1316;Azurara
131607;1316;Fajozes
131610;1316;Gião
131611;1316;Guilhabreu
131612;1316;Junqueira
131613;1316;Labruge
131614;1316;Macieira da Maia
131616;1316;Mindelo
131617;1316;Modivas
131627;1316;Vila Chã
131628;1316;Vila do Conde
131630;1316;Vilar de Pinheiro
131631;1316;União das freguesias de Bagunte, Ferreiró, Outeiro Maior e Parada
131636;1316;União das freguesias de Touguinha e Touguinhó
131637;1316;União das freguesias de Vilar e Mosteiró
131638;1316;Arcos
131639;1316;Canidelo
131640;1316;Fornelo
131641;1316;Malta
131642;1316;Retorta
131643;1316;Rio Mau
131644;1316;Tougues
131645;1316;Vairão
131701;1317;Arcozelo
131702;1317;Avintes
131703;1317;Canelas
131704;1317;Canidelo
131709;1317;Madalena
131712;1317;Oliveira do Douro
131717;1317;São Félix da Marinha
131723;1317;Vilar de Andorinho
131732;1317;Crestuma
131733;1317;Grijó
131734;1317;Gulpilhares
131735;1317;Lever
131736;1317;Mafamude
131737;1317;Olival
131738;1317;Pedroso
131739;1317;Perosinho
131740;1317;Sandim
131741;1317;Santa Marinha
131742;1317;São Pedro da Afurada
131743;1317;Seixezelo
131744;1317;Sermonde
131745;1317;Serzedo
131746;1317;Valadares
131747;1317;Vilar do Paraíso
131806;1318;Covelas
131808;1318;Muro
131810;1318;União das freguesias de Bougado (São Martinho e Santiago)
131811;1318;União das freguesias de Coronado (São Romão e São Mamede)
131812;1318;Alvarelhos
131813;1318;Guidões
140104;1401;Bemposta
140105;1401;Martinchel
140106;1401;Mouriscas
140107;1401;Pego
140108;1401;Rio de Moinhos
140115;1401;Tramagal
140118;1401;Fontes
140119;1401;Carvalhal
140120;1401;União das freguesias de Abrantes (São Vicente e São João) e Alferrarede
140121;1401;União das freguesias de Aldeia do Mato e Souto
140122;1401;União das freguesias de Alvega e Concavada
140123;1401;União das freguesias de São Facundo e Vale das Mós
140124;1401;União das freguesias de São Miguel do Rio Torto e Rossio ao Sul do Tejo
140202;1402;Bugalhos
140206;1402;Minde
140207;1402;Moitas Venda
140208;1402;Monsanto
140209;1402;Serra de Santo António
140211;1402;União das freguesias de Alcanena e Vila Moreira
140212;1402;União das freguesias de Malhou, Louriceira e Espinheiro
140301;1403;Almeirim
140302;1403;Benfica do Ribatejo
140303;1403;Fazendas de Almeirim
140304;1403;Raposa
140401;1404;Alpiarça
140501;1405;Benavente
140502;1405;Samora Correia
140503;1405;Santo Estêvão
140504;1405;Barrosa
140604;1406;Pontével
140605;1406;Valada
140607;1406;Vila Chã de Ourique
140608;1406;Vale da Pedra
140609;1406;União das freguesias do Cartaxo e Vale da Pinta
140610;1406;União das freguesias de Ereira e Lapa
140704;1407;Ulme
140705;1407;Vale de Cavalos
140707;1407;Carregueira
140708;1407;União das freguesias da Chamusca e Pinheiro Grande
140709;1407;União das freguesias de Parreira e Chouto
140801;1408;Constância
140802;1408;Montalvo
140803;1408;Santa Margarida da Coutada
140902;1409;Couço
140903;1409;São José da Lamarosa
140905;1409;Branca
140907;1409;Biscainho
140908;1409;Santana do Mato
140910;1409;Coruche
140911;1409;Erra
140912;1409;Fajarda
141001;1410;São João Baptista
141002;1410;Nossa Senhora de Fátima
141101;1411;Águas Belas
141103;1411;Beco
141104;1411;Chãos
141106;1411;Ferreira do Zêzere
141107;1411;Igreja Nova do Sobral
141110;1411;Nossa Senhora do Pranto
141111;1411;União das freguesias de Areias e Pias
141201;1412;Azinhaga
141202;1412;Golegã
141203;1412;Pombalinho
141302;1413;Amêndoa
141303;1413;Cardigos
141304;1413;Carvoeiro
141305;1413;Envendos
141307;1413;Ortiga
141309;1413;União das freguesias de Mação, Penhascoso e Aboboreira
141401;1414;Alcobertas
141402;1414;Arrouquelas
141405;1414;Fráguas
141408;1414;Rio Maior
141410;1414;Asseiceira
141411;1414;São Sebastião
141415;1414;União das freguesias de Azambujeira e Malaqueijo
141416;1414;União das freguesias de Marmeleira e Assentiz
141417;1414;União das freguesias de Outeiro da Cortiçada e Arruda dos Pisões
141418;1414;União das freguesias de São João da Ribeira e Ribeira de São João
141502;1415;Marinhais
141503;1415;Muge
141509;1415;Foros de Salvaterra
141510;1415;Glória do Ribatejo
141511;1415;Granho
141512;1415;Salvaterra de Magos
141601;1416;Abitureiras
141602;1416;Abrã
141604;1416;Alcanede
141605;1416;Alcanhões
141606;1416;Almoster
141607;1416;Amiais de Baixo
141608;1416;Arneiro das Milhariças
141613;1416;Moçarria
141614;1416;Pernes
141616;1416;Póvoa da Isenta
141625;1416;Vale de Santarém
141628;1416;Gançaria
141629;1416;União das freguesias de Achete, Azoia de Baixo e Póvoa de Santarém
141630;1416;União das freguesias de Azoia de Cima e Tremês
141631;1416;União das freguesias de Casével e Vaqueiros
141632;1416;União das freguesias de Romeira e Várzea
141633;1416;União de freguesias da cidade de Santarém
141635;1416;São Vicente do Paul
141636;1416;Vale de Figueira
141701;1417;Alcaravela
141702;1417;Santiago de Montalegre
141703;1417;Sardoal
141704;1417;Valhascos
141802;1418;Asseiceira
141804;1418;Carregueiros
141808;1418;Olalhas
141809;1418;Paialvo
141813;1418;São Pedro de Tomar
141814;1418;Sabacheira
141817;1418;União das freguesias de Além da Ribeira e Pedreira
141818;1418;União das freguesias de Casais e Alviobeira
141819;1418;União das freguesias de Madalena e Beselga
141821;1418;União das freguesias de Tomar (São João Baptista) e Santa Maria dos Olivais
141822;1418;Junceira
141823;1418;Serra
141902;1419;Assentiz
141904;1419;Chancelaria
141909;1419;Pedrógão
141910;1419;Riachos
141916;1419;Zibreira
141917;1419;Meia Via
141918;1419;União das freguesias de Brogueira, Parceiros de Igreja e Alcorochel
141919;1419;União das freguesias de Olaia e Paço
141920;1419;União das freguesias de Torres Novas (Santa Maria, Salvador e Santiago)
141921;1419;União das freguesias de Torres Novas (São Pedro), Lapas e Ribeira Branca
142001;1420;Atalaia
142002;1420;Praia do Ribatejo
142003;1420;Tancos
142006;1420;Vila Nova da Barquinha
142101;1421;Alburitel
142102;1421;Atouguia
142104;1421;Caxarias
142105;1421;Espite
142106;1421;Fátima
142111;1421;Nossa Senhora das Misericórdias
142113;1421;Seiça
142114;1421;Urqueira
142115;1421;Nossa Senhora da Piedade
142119;1421;União das freguesias de Freixianda, Ribeira do Fárrio e Formigais
142123;1421;Casal dos Bernardos
142124;1421;Cercal
142125;1421;Gondemaria
142126;1421;Matas
142127;1421;Olival
142128;1421;Rio de Couros
150104;1501;Torrão
150105;1501;São Martinho
150106;1501;Comporta
150108;1501;Alcácer do Sal (Santa Maria do Castelo)
150109;1501;Alcácer do Sal (Santiago)
150110;1501;Santa Susana
150201;1502;Alcochete
150202;1502;Samouco
150203;1502;São Francisco
150303;1503;Costa da Caparica
150312;1503;União das freguesias de Almada, Cova da Piedade, Pragal e Cacilhas
150313;1503;União das freguesias de Caparica e Trafaria
150314;1503;União das freguesias de Charneca de Caparica e Sobreda
150315;1503;União das freguesias de Laranjeiro e Feijó
150407;1504;Santo António da Charneca
150409;1504;União das freguesias de Alto do Seixalinho, Santo André e Verderena
150410;1504;União das freguesias de Barreiro e Lavradio
150411;1504;União das freguesias de Palhais e Coina
150501;1505;Azinheira dos Barros e São Mamede do Sádão
150503;1505;Melides
150505;1505;Carvalhal
150506;1505;União das freguesias de Grândola e Santa Margarida da Serra
150601;1506;Alhos Vedros
150603;1506;Moita
150607;1506;União das freguesias de Baixa da Banheira e Vale da Amoreira
150608;1506;União das freguesias de Gaio-Rosário e Sarilhos Pequenos
150701;1507;Canha
150704;1507;Sarilhos Grandes
150709;1507;União das freguesias de Atalaia e Alto Estanqueiro-Jardia
150710;1507;União das freguesias de Montijo e Afonsoeiro
150711;1507;União das freguesias de Pegões
150802;1508;Palmela
150803;1508;Pinhal Novo
150804;1508;Quinta do Anjo
150806;1508;União das freguesias de Poceirão e Marateca
150901;1509;Abela
150902;1509;Alvalade
150903;1509;Cercal
150904;1509;Ermidas-Sado
150907;1509;Santo André
150910;1509;São Francisco da Serra
150912;1509;União das freguesias de Santiago do Cacém, Santa Cruz e São Bartolomeu da Serra
150914;1509;São Domingos
150915;1509;Vale de Água
151002;1510;Amora
151005;1510;Corroios
151006;1510;Fernão Ferro
151008;1510;Arrentela
151009;1510;Paio Pires
151010;1510;Seixal
151101;1511;Sesimbra (Castelo)
151102;1511;Sesimbra (Santiago)
151103;1511;Quinta do Conde
151205;1512;Setúbal (São Sebastião)
151207;1512;Gâmbia-Pontes-Alto da Guerra
151208;1512;Sado
151209;1512;União das freguesias de Azeitão (São Lourenço e São Simão)
151210;1512;União das freguesias de Setúbal (São Julião, Nossa Senhora da Anunciada e Santa Maria da Graça)
151301;1513;Sines
151302;1513;Porto Covo
160101;1601;Aboim das Choças
160102;1601;Aguiã
160104;1601;Ázere
160105;1601;Cabana Maior
160106;1601;Cabreiro
160108;1601;Cendufe
160109;1601;Couto
160113;1601;Gavieira
160115;1601;Gondoriz
160121;1601;Miranda
160122;1601;Monte Redondo
160123;1601;Oliveira
160124;1601;Paçô
160125;1601;Padroso
160128;1601;Prozelo
160130;1601;Rio Frio
160131;1601;Rio de Moinhos
160133;1601;Sabadim
160142;1601;Jolda (São Paio)
160144;1601;Senharei
160145;1601;Sistelo
160146;1601;Soajo
160149;1601;Vale
160152;1601;União das freguesias de Alvora e Loureda
160153;1601;União das freguesias de Arcos de Valdevez (São Paio) e Giela
160154;1601;União das freguesias de Arcos de Valdevez (Salvador), Vila Fonche e Parada
160155;1601;União das freguesias de Eiras e Mei
160156;1601;União das freguesias de Grade e Carralcova
160157;1601;União das freguesias de Guilhadeses e Santar
160158;1601;União das freguesias de Jolda (Madalena) e Rio Cabrão
160159;1601;União das freguesias de Padreiro (Salvador e Santa Cristina)
160160;1601;União das freguesias de Portela e Extremo
160161;1601;União das freguesias de São Jorge e Ermelo
160162;1601;União das freguesias de Souto e Tabaçô
160163;1601;União das freguesias de Távora (Santa Maria e São Vicente)
160164;1601;União das freguesias de Vilela, São Cosme e São Damião e Sá
160201;1602;Âncora
160205;1602;Argela
160209;1602;Dem
160211;1602;Lanhelas
160214;1602;Riba de Âncora
160215;1602;Seixas
160217;1602;Vila Praia de Âncora
160218;1602;Vilar de Mouros
160220;1602;Vile
160221;1602;União das freguesias de Arga (Baixo, Cima e São João)
160222;1602;União das freguesias de Caminha (Matriz) e Vilarelho
160223;1602;União das freguesias de Gondar e Orbacém
160224;1602;União das freguesias de Moledo e Cristelo
160225;1602;União das freguesias de Venade e Azevedo
160301;1603;Alvaredo
160304;1603;Cousso
160305;1603;Cristoval
160307;1603;Fiães
160308;1603;Gave
160311;1603;Paderne
160313;1603;Penso
160317;1603;São Paio
160319;1603;União das freguesias de Castro Laboreiro e Lamas de Mouro
160320;1603;União das freguesias de Chaviães e Paços
160321;1603;União das freguesias de Parada do Monte e Cubalhão
160322;1603;União das freguesias de Prado e Remoães
160323;1603;União das freguesias de Vila e Roussas
160401;1604;Abedim
160404;1604;Barbeita
160405;1604;Barroças e Taias
160406;1604;Bela
160407;1604;Cambeses
160410;1604;Lara
160411;1604;Longos Vales
160415;1604;Merufe
160418;1604;Moreira
160420;1604;Pias
160421;1604;Pinheiros
160422;1604;Podame
160423;1604;Portela
160424;1604;Riba de Mouro
160427;1604;Segude
160428;1604;Tangil
160431;1604;Trute
160434;1604;União das freguesias de Anhões e Luzio
160435;1604;União das freguesias de Ceivães e Badim
160436;1604;União das freguesias de Mazedo e Cortes
160437;1604;União das freguesias de Messegães, Valadares e Sá
160438;1604;União das freguesias de Monção e Troviscoso
160439;1604;União das freguesias de Sago, Lordelo e Parada
160440;1604;União das freguesias de Troporiz e Lapela
160501;1605;Agualonga
160503;1605;Castanheira
160505;1605;Coura
160507;1605;Cunha
160510;1605;Infesta
160513;1605;Mozelos
160514;1605;Padornelo
160515;1605;Parada
160519;1605;Romarigães
160520;1605;Rubiães
160521;1605;Vascões
160522;1605;União das freguesias de Bico e Cristelo
160523;1605;União das freguesias de Cossourado e Linhares
160524;1605;União das freguesias de Formariz e Ferreira
160525;1605;União das freguesias de Insalde e Porreiras
160526;1605;União das freguesias de Paredes de Coura e Resende
160601;1606;Azias
160602;1606;Boivães
160603;1606;Bravães
160604;1606;Britelo
160606;1606;Cuide de Vila Verde
160611;1606;Lavradas
160612;1606;Lindoso
160613;1606;Nogueira
160614;1606;Oleiros
160619;1606;Sampriz
160623;1606;Vade (São Pedro)
160624;1606;Vade (São Tomé)
160626;1606;União das freguesias de Crasto, Ruivos e Grovelas
160627;1606;União das freguesias de Entre Ambos-os-Rios, Ermida e Germil
160628;1606;União das freguesias de Ponte da Barca, Vila Nova de Muía e Paço Vedro de Magalhães
160629;1606;União das freguesias de Touvedo (São Lourenço e Salvador)
160630;1606;União das freguesias de Vila Chã (São João Baptista e Santiago)
160701;1607;Anais
160703;1607;São Pedro d'Arcos
160704;1607;Arcozelo
160707;1607;Beiral do Lima
160708;1607;Bertiandos
160709;1607;Boalhosa
160710;1607;Brandara
160713;1607;Calheiros
160714;1607;Calvelo
160716;1607;Correlhã
160717;1607;Estorãos
160718;1607;Facha
160719;1607;Feitosa
160721;1607;Fontão
160724;1607;Friastelas
160726;1607;Gandra
160727;1607;Gemieira
160728;1607;Gondufe
160729;1607;Labruja
160734;1607;Poiares
160737;1607;Refóios do Lima
160739;1607;Ribeira
160740;1607;Sá
160742;1607;Santa Comba
160743;1607;Santa Cruz do Lima
160744;1607;Rebordões (Santa Maria)
160745;1607;Seara
160746;1607;Serdedelo
160747;1607;Rebordões (Souto)
160750;1607;Vitorino das Donas
160752;1607;Arca e Ponte de Lima
160753;1607;Ardegão, Freixo e Mato
160755;1607;Bárrio e Cepões
160756;1607;Cabaços e Fojo Lobal
160757;1607;Cabração e Moreira do Lima
160758;1607;Fornelos e Queijada
160759;1607;Labrujó, Rendufe e Vilar do Monte
160760;1607;Navió e Vitorino dos Piães
160761;1607;Gaifar
160762;1607;Sandiães
160763;1607;Vilar das Almas
160802;1608;Boivão
160803;1608;Cerdal
160805;1608;Fontoura
160806;1608;Friestas
160808;1608;Ganfei
160812;1608;São Pedro da Torre
160816;1608;Verdoejo
160817;1608;União das freguesias de Gandra e Taião
160818;1608;União das freguesias de Gondomil e Sanfins
160819;1608;União das freguesias de São Julião e Silva
160820;1608;União das freguesias de Valença, Cristelo Covo e Arão
160901;1609;Afife
160902;1609;Alvarães
160903;1609;Amonde
160904;1609;Anha
160905;1609;Areosa
160908;1609;Carreço
160910;1609;Castelo do Neiva
160911;1609;Darque
160914;1609;Freixieiro de Soutelo
160915;1609;Lanheses
160920;1609;Montaria
160922;1609;Mujães
160923;1609;São Romão de Neiva
160925;1609;Outeiro
160926;1609;Perre
160928;1609;Santa Marta de Portuzelo
160935;1609;Vila Franca
160938;1609;Vila de Punhe
160940;1609;Chafé
160943;1609;União das freguesias de Geraz do Lima (Santa Maria, Santa Leocádia e Moreira) e Deão
160945;1609;União das freguesias de Nogueira, Meixedo e Vilar de Murteda
160946;1609;União das freguesias de Subportela, Deocriste e Portela Susã
160947;1609;União das freguesias de Torre e Vila Mou
160948;1609;União das freguesias de Viana do Castelo (Santa Maria Maior e Monserrate) e Meadela
160949;1609;Barroselas
160950;1609;Cardielos
160951;1609;Carvoeiro
160952;1609;Mazarefes
160953;1609;Serreleis
160954;1609;Vila Fria
161003;1610;Cornes
161004;1610;Covas
161006;1610;Gondarém
161007;1610;Loivo
161009;1610;Mentrestido
161012;1610;Sapardos
161013;1610;Sopo
161016;1610;União das freguesias de Campos e Vila Meã
161017;1610;União das freguesias de Candemil e Gondar
161018;1610;União das freguesias de Reboreda e Nogueira
161019;1610;União das freguesias de Vila Nova de Cerveira e Lovelhe
170101;1701;Alijó
170107;1701;Favaios
170108;1701;Pegarinhos
170109;1701;Pinhão
170112;1701;Sanfins do Douro
170113;1701;Santa Eugénia
170114;1701;São Mamede de Ribatua
170116;1701;Vila Chã
170117;1701;Vila Verde
170118;1701;Vilar de Maçada
170120;1701;União das freguesias de Carlão e Amieiro
170121;1701;União das freguesias de Castedo e Cotas
170122;1701;União das freguesias de Pópulo e Ribalonga
170123;1701;União das freguesias de Vale de Mendiz, Casal de Loivos e Vilarinho de Cotas
170203;1702;Beça
170208;1702;Covas do Barroso
170210;1702;Dornelas
170213;1702;Pinho
170215;1702;Sapiãos
170217;1702;Alturas do Barroso e Cerdedo
170218;1702;Ardãos e Bobadela
170219;1702;Boticas e Granja
170220;1702;Codessoso, Curros e Fiães do Tâmega
170221;1702;Vilar e Viveiro
170301;1703;Águas Frias
170302;1703;Anelhe
170305;1703;Bustelo
170309;1703;Cimo de Vila da Castanheira
170310;1703;Curalha
170312;1703;Ervededo
170313;1703;Faiões
170314;1703;Lama de Arcos
170316;1703;Mairos
170317;1703;Moreiras
170318;1703;Nogueira da Montanha
170320;1703;Oura
170321;1703;Outeiro Seco
170322;1703;Paradela
170324;1703;Redondelo
170327;1703;Sanfins
170329;1703;Santa Leocádia
170330;1703;Santo António de Monforte
170331;1703;Santo Estêvão
170333;1703;São Pedro de Agostém
170334;1703;São Vicente
170340;1703;Tronco
170341;1703;Vale de Anta
170343;1703;Vila Verde da Raia
170344;1703;Vilar de Nantes
170345;1703;Vilarelho da Raia
170347;1703;Vilas Boas
170348;1703;Vilela Seca
170349;1703;Vilela do Tâmega
170350;1703;Santa Maria Maior
170353;1703;Planalto de Monforte (União das freguesias de Oucidres e Bobadela)
170354;1703;União das freguesias da Madalena e Samaiões
170355;1703;União das freguesias das Eiras, São Julião de Montenegro e Cela
170356;1703;União das freguesias de Calvão e Soutelinho da Raia
170357;1703;União das freguesias de Loivos e Póvoa de Agrações
170358;1703;União das freguesias de Santa Cruz/Trindade e Sanjurge
170359;1703;União das freguesias de Soutelo e Seara Velha
170360;1703;União das freguesias de Travancas e Roriz
170361;1703;Vidago (União das freguesias de Vidago, Arcossó, Selhariz e Vilarinho das Paranheiras)
170401;1704;Barqueiros
170402;1704;Cidadelhe
170403;1704;Oliveira
170407;1704;Vila Marim
170408;1704;Mesão Frio (Santo André)
170501;1705;Atei
170502;1705;Bilhó
170505;1705;São Cristóvão de Mondim de Basto
170508;1705;Vilar de Ferreiros
170509;1705;União das freguesias de Campanhó e Paradança
170510;1705;União das freguesias de Ermelo e Pardelhas
170601;1706;Cabril
170603;1706;Cervos
170604;1706;Chã
170607;1706;Covelo do Gerês
170609;1706;Ferral
170612;1706;Gralhas
170616;1706;Morgade
170618;1706;Negrões
170619;1706;Outeiro
170623;1706;Pitões das Junias
170625;1706;Reigoso
170626;1706;Salto
170627;1706;Santo André
170629;1706;Sarraquinhos
170631;1706;Solveira
170632;1706;Tourém
170635;1706;Vila da Ponte
170636;1706;União das freguesias de Cambeses do Rio, Donões e Mourilhe
170637;1706;União das freguesias de Meixedo e Padornelos
170638;1706;União das freguesias de Montalegre e Padroso
170639;1706;União das freguesias de Paradela, Contim e Fiães
170640;1706;União das freguesias de Sezelhe e Covelães
170641;1706;União das freguesias de Venda Nova e Pondras
170642;1706;União das freguesias de Viade de Baixo e Fervidelas
170643;1706;União das freguesias de Vilar de Perdizes e Meixide
170701;1707;Candedo
170703;1707;Fiolhoso
170704;1707;Jou
170705;1707;Murça
170708;1707;Valongo de Milhais
170710;1707;União das freguesias de Carva e Vilares
170711;1707;União das freguesias de Noura e Palheiros
170802;1708;Fontelas
170805;1708;Loureiro
170809;1708;Sedielos
170810;1708;Vilarinho dos Freires
170813;1708;União das freguesias de Galafura e Covelinhas
170814;1708;União das freguesias de Moura Morta e Vinhós
170815;1708;União das freguesias de Peso da Régua e Godim
170817;1708;Canelas
170818;1708;Poiares
170901;1709;Alvadia
170902;1709;Canedo
170906;1709;Santa Marinha
170908;1709;União das freguesias de Cerva e Limões
170909;1709;União das freguesias de Ribeira de Pena (Salvador) e Santo Aleixo de Além-Tâmega
171001;1710;Celeirós
171002;1710;Covas do Douro
171004;1710;Gouvinhas
171005;1710;Parada de Pinhão
171007;1710;Paços
171009;1710;Sabrosa
171011;1710;São Lourenço de Ribapinhão
171013;1710;Souto Maior
171014;1710;Torre do Pinhão
171015;1710;Vilarinho de São Romão
171016;1710;União das freguesias de Provesende, Gouvães do Douro e São Cristóvão do Douro
171017;1710;União das freguesias de São Martinho de Antas e Paradela de Guiães
171101;1711;Alvações do Corgo
171102;1711;Cumieira
171103;1711;Fontes
171106;1711;Medrões
171110;1711;Sever
171112;1711;União das freguesias de Louredo e Fornelos
171113;1711;Lobrigos (São João Baptista)
171114;1711;Lobrigos (São Miguel)
171115;1711;Sanhoane
171201;1712;Água Revés e Crasto
171203;1712;Algeriz
171205;1712;Bouçoães
171206;1712;Canaveses
171209;1712;Ervões
171211;1712;Fornos do Pinhal
171212;1712;Friões
171215;1712;Padrela e Tazem
171216;1712;Possacos
171217;1712;Rio Torto
171219;1712;Santa Maria de Emeres
171220;1712;Santa Valha
171221;1712;Santiago da Ribeira de Alhariz
171222;1712;São João da Corveira
171223;1712;São Pedro de Veiga de Lila
171224;1712;Serapicos
171227;1712;Vales
171229;1712;Vassal
171230;1712;Veiga de Lila
171231;1712;Vilarandelo
171232;1712;Carrazedo de Montenegro e Curros
171233;1712;Lebução, Fiães e Nozelos
171234;1712;Sonim e Barreiros
171235;1712;Tinhela e Alvarelhos
171236;1712;Valpaços e Sanfins
171302;1713;Alfarela de Jales
171303;1713;Bornes de Aguiar
171304;1713;Bragado
171305;1713;Capeludos
171310;1713;Soutelo de Aguiar
171311;1713;Telões
171312;1713;Tresminas
171313;1713;Valoura
171314;1713;Vila Pouca de Aguiar
171315;1713;Vreia de Bornes
171316;1713;Vreia de Jales
171317;1713;Sabroso de Aguiar
171319;1713;Alvão
171320;1713;União das freguesias de Pensalvos e Parada de Monteiros
171401;1714;Abaças
171403;1714;Andrães
171404;1714;Arroios
171406;1714;Campeã
171409;1714;Folhadela
171410;1714;Guiães
171414;1714;Lordelo
171415;1714;Mateus
171416;1714;Mondrões
171420;1714;Parada de Cunhos
171426;1714;Torgueda
171429;1714;Vila Marim
171431;1714;União das freguesias de Adoufe e Vilarinho de Samardã
171432;1714;União das freguesias de Borbela e Lamas de Olo
171433;1714;União das freguesias de Constantim e Vale de Nogueiras
171434;1714;União das freguesias de Mouçós e Lamares
171435;1714;União das freguesias de Nogueira e Ermida
171436;1714;União das freguesias de Pena, Quintã e Vila Cova
171437;1714;União das freguesias de São Tomé do Castelo e Justes
171438;1714;Vila Real
180101;1801;Aldeias
180104;1801;Cimbres
180106;1801;Folgosa
180107;1801;Fontelo
180109;1801;Queimada
180110;1801;Queimadela
180111;1801;Santa Cruz
180114;1801;São Cosmado
180115;1801;São Martinho das Chãs
180118;1801;Vacalar
180120;1801;Armamar
180121;1801;União das freguesias de Aricera e Goujoim
180122;1801;União das freguesias de São Romão e Santiago
180123;1801;União das freguesias de Vila Seca e Santo Adrião
180201;1802;Beijós
180202;1802;Cabanas de Viriato
180204;1802;Oliveira do Conde
180206;1802;Parada
180208;1802;Carregal do Sal
180301;1803;Almofala
180303;1803;Cabril
180304;1803;Castro Daire
180305;1803;Cujó
180309;1803;Gosende
180312;1803;Mões
180313;1803;Moledo
180314;1803;Monteiras
180317;1803;Pepim
180319;1803;Pinheiro
180322;1803;São Joaninho
180323;1803;União das freguesias de Mamouros, Alva e Ribolhos
180324;1803;União das freguesias de Mezio e Moura Morta
180325;1803;União das freguesias de Parada de Ester e Ester
180326;1803;União das freguesias de Picão e Ermida
180327;1803;União das freguesias de Reriz e Gafanhão
180403;1804;Cinfães
180404;1804;Espadanedo
180405;1804;Ferreiros de Tendais
180406;1804;Fornelos
180408;1804;Moimenta
180409;1804;Nespereira
180410;1804;Oliveira do Douro
180412;1804;Santiago de Piães
180413;1804;São Cristóvão de Nogueira
180414;1804;Souselo
180415;1804;Tarouquela
180416;1804;Tendais
180417;1804;Travanca
180418;1804;União das freguesias de Alhões, Bustelo, Gralheira e Ramires
180502;1805;Avões
180504;1805;Britiande
180505;1805;Cambres
180507;1805;Ferreirim
180508;1805;Ferreiros de Avões
180509;1805;Figueira
180510;1805;Lalim
180511;1805;Lazarim
180516;1805;Penajóia
180517;1805;Penude
180519;1805;Samodães
180520;1805;Sande
180523;1805;Várzea de Abrunhais
180524;1805;Vila Nova de Souto d'El-Rei
180525;1805;Lamego (Almacave e Sé)
180526;1805;União das freguesias de Bigorne, Magueija e Pretarouca
180527;1805;União das freguesias de Cepões, Meijinhos e Melcões
180528;1805;União das freguesias de Parada do Bispo e Valdigem
180601;1806;Abrunhosa-a-Velha
180602;1806;Alcafache
180605;1806;Cunha Baixa
180606;1806;Espinho
180607;1806;Fornos de Maceira Dão
180608;1806;Freixiosa
180614;1806;Quintela de Azurara
180616;1806;São João da Fresta
180619;1806;União das freguesias de Mangualde, Mesquitela e Cunha Alta
180620;1806;União das freguesias de Moimenta de Maceira Dão e Lobelhe do Mato
180621;1806;União das freguesias de Santiago de Cassurrães e Póvoa de Cervães
180622;1806;União das freguesias de Tavares (Chãs, Várzea e Travanca)
180702;1807;Alvite
180703;1807;Arcozelos
180705;1807;Baldos
180706;1807;Cabaços
180707;1807;Caria
180708;1807;Castelo
180709;1807;Leomil
180710;1807;Moimenta da Beira
180713;1807;Passô
180716;1807;Vila da Rua
180717;1807;Sarzedo
180719;1807;Sever
180720;1807;Vilar
180721;1807;União das freguesias de Paradinha e Nagosa
180722;1807;União das freguesias de Pêra Velha, Aldeia de Nacomba e Ariz
180723;1807;União das freguesias de Peva e Segões
180802;1808;Cercosa
180804;1808;Espinho
180805;1808;Marmeleira
180807;1808;Pala
180808;1808;Sobral
180809;1808;Trezói
180811;1808;União das freguesias de Mortágua, Vale de Remígio, Cortegaça e Almaça
180901;1809;Canas de Senhorim
180903;1809;Nelas
180905;1809;Senhorim
180906;1809;Vilar Seco
180908;1809;Lapa do Lobo
180910;1809;União das freguesias de Carvalhal Redondo e Aguieira
180911;1809;União das freguesias de Santar e Moreira
181002;1810;Arcozelo das Maias
181005;1810;Pinheiro
181007;1810;Ribeiradio
181008;1810;São João da Serra
181009;1810;São Vicente de Lafões
181013;1810;União das freguesias de Arca e Varzielas
181014;1810;União das freguesias de Destriz e Reigoso
181015;1810;União das freguesias de Oliveira de Frades, Souto de Lafões e Sejães
181102;1811;Castelo de Penalva
181103;1811;Esmolfe
181104;1811;Germil
181105;1811;Ínsua
181106;1811;Lusinde
181109;1811;Pindo
181110;1811;Real
181111;1811;Sezures
181112;1811;Trancozelos
181114;1811;União das freguesias de Antas e Matela
181115;1811;União das freguesias de Vila Cova do Covelo/Mareco
181202;1812;Beselga
181203;1812;Castainço
181207;1812;Penela da Beira
181208;1812;Póvoa de Penela
181209;1812;Souto
181210;1812;União das freguesias de Antas e Ourozinho
181211;1812;União das freguesias de Penedono e Granja
181302;1813;Barrô
181303;1813;Cárquere
181310;1813;Paus
181311;1813;Resende
181312;1813;São Cipriano
181313;1813;São João de Fontoura
181314;1813;São Martinho de Mouros
181316;1813;União das freguesias de Anreade e São Romão de Aregos
181317;1813;União das freguesias de Felgueiras e Feirão
181318;1813;União das freguesias de Freigil e Miomães
181319;1813;União das freguesias de Ovadas e Panchorra
181403;1814;Pinheiro de Ázere
181405;1814;São Joaninho
181406;1814;São João de Areias
181410;1814;União das freguesias de Ovoa e Vimieiro
181411;1814;União das freguesias de Santa Comba Dão e Couto do Mosteiro
181412;1814;União das freguesias de Treixedo e Nagozela
181501;1815;Castanheiro do Sul
181502;1815;Ervedosa do Douro
181504;1815;Nagozelo do Douro
181505;1815;Paredes da Beira
181507;1815;Riodades
181509;1815;Soutelo do Douro
181511;1815;Vale de Figueira
181512;1815;Valongo dos Azeites
181515;1815;União das freguesias de São João da Pesqueira e Várzea de Trevões
181516;1815;União das freguesias de Trevões e Espinhosa
181517;1815;União das freguesias de Vilarouco e Pereiros
181602;1816;Bordonhos
181606;1816;Figueiredo de Alva
181607;1816;Manhouce
181608;1816;Pindelo dos Milagres
181609;1816;Pinho
181612;1816;São Félix
181615;1816;Serrazes
181616;1816;Sul
181617;1816;Valadares
181619;1816;Vila Maior
181620;1816;União das freguesias de Carvalhais e Candal
181621;1816;União das freguesias de Santa Cruz da Trapa e São Cristóvão de Lafões
181622;1816;União das freguesias de São Martinho das Moitas e Covas do Rio
181623;1816;União das freguesias de São Pedro do Sul, Várzea e Baiões
181702;1817;Avelal
181704;1817;Ferreira de Aves
181706;1817;Mioma
181707;1817;Rio de Moinhos
181709;1817;São Miguel de Vila Boa
181710;1817;Sátão
181711;1817;Silvã de Cima
181713;1817;União das freguesias de Águas Boas e Forles
181714;1817;União das freguesias de Romãs, Decermilo e Vila Longa
181801;1818;Arnas
181802;1818;Carregal
181803;1818;Chosendo
181804;1818;Cunha
181806;1818;Faia
181810;1818;Granjal
181811;1818;Lamosa
181814;1818;Quintela
181817;1818;Vila da Ponte
181818;1818;União das freguesias de Ferreirim e Macieira
181819;1818;União das freguesias de Fonte Arcada e Escurquela
181820;1818;União das freguesias de Penso e Freixinho
181821;1818;União das freguesias de Sernancelhe e Sarzeda
181901;1819;Adorigo
181902;1819;Arcos
181904;1819;Chavães
181905;1819;Desejosa
181906;1819;Granja do Tedo
181908;1819;Longa
181913;1819;Sendim
181914;1819;Tabuaço
181917;1819;Valença do Douro
181918;1819;União das freguesias de Barcos e Santa Leocádia
181919;1819;União das freguesias de Paradela e Granjinha
181920;1819;União das freguesias de Pinheiros e Vale de Figueira
181921;1819;União das freguesias de Távora e Pereiro
182004;1820;Mondim da Beira
182005;1820;Salzedas
182006;1820;São João de Tarouca
182009;1820;Várzea da Serra
182012;1820;União das freguesias de Granja Nova e Vila Chã da Beira
182014;1820;Dálvares
182015;1820;Gouviães
182016;1820;Tarouca
182017;1820;Ucanha
182102;1821;Campo de Besteiros
182103;1821;Canas de Santa Maria
182105;1821;Castelões
182106;1821;Dardavaz
182107;1821;Ferreirós do Dão
182108;1821;Guardão
182109;1821;Lajeosa do Dão
182110;1821;Lobão da Beira
182111;1821;Molelos
182116;1821;Parada de Gonta
182118;1821;Santiago de Besteiros
182122;1821;Tonda
182128;1821;União das freguesias de Caparrosa e Silvares
182129;1821;União das freguesias de Mouraz e Vila Nova da Rainha
182130;1821;União das freguesias de São João do Monte e Mosteirinho
182132;1821;União das freguesias de Tondela e Nandufe
182134;1821;Barreiro de Besteiros
182135;1821;Mosteiro de Fráguas
182136;1821;Sabugosa
182137;1821;São Miguel do Outeiro
182138;1821;Tourigo
182139;1821;Vilar de Besteiros
182203;1822;Pendilhe
182204;1822;Queiriga
182205;1822;Touro
182206;1822;Vila Cova à Coelheira
182208;1822;União das freguesias de Vila Nova de Paiva, Alhais e Fráguas
182301;1823;Abraveses
182304;1823;Bodiosa
182305;1823;Calde
182306;1823;Campo
182307;1823;Cavernães
182310;1823;Cota
182315;1823;Fragosela
182316;1823;Lordosa
182317;1823;Silgueiros
182318;1823;Mundão
182319;1823;Orgens
182320;1823;Povolide
182321;1823;Ranhados
182322;1823;Ribafeita
182323;1823;Rio de Loba
182325;1823;Santos Evos
182327;1823;São João de Lourosa
182329;1823;São Pedro de France
182335;1823;União das freguesias de Barreiros e Cepões
182336;1823;União das freguesias de Boa Aldeia, Farminhão e Torredeita
182337;1823;Coutos de Viseu
182338;1823;Freguesia de Fail e Vila Chã de Sá
182339;1823;Repeses e São Salvador
182340;1823;São Cipriano e Vil de Souto
182341;1823;Viseu
182401;1824;Alcofra
182403;1824;Campia
182407;1824;Fornelo do Monte
182409;1824;Queirã
182410;1824;São Miguel do Mato
182411;1824;Ventosa
182413;1824;União das freguesias de Cambra e Carvalhal de Vermilhas
182414;1824;União das freguesias de Fataunços e Figueiredo das Donas
182415;1824;União das freguesias de Vouzela e Paços de Vilharigues
310101;3101;Arco da Calheta
310102;3101;Calheta
310103;3101;Estreito da Calheta
310104;3101;Fajã da Ovelha
310105;3101;Jardim do Mar
310106;3101;Paul do Mar
310107;3101;Ponta do Pargo
310108;3101;Prazeres
310201;3102;Câmara de Lobos
310202;3102;Curral das Freiras
310203;3102;Estreito de Câmara de Lobos
310204;3102;Quinta Grande
310205;3102;Jardim da Serra
310301;3103;Imaculado Coração de Maria
310302;3103;Monte
310303;3103;Funchal (Santa Luzia)
310304;3103;Funchal (Santa Maria Maior)
310305;3103;Santo António
310306;3103;São Gonçalo
310307;3103;São Martinho
310308;3103;Funchal (São Pedro)
310309;3103;São Roque
310310;3103;Funchal (Sé)
310401;3104;Água de Pena
310402;3104;Caniçal
310403;3104;Machico
310404;3104;Porto da Cruz
310405;3104;Santo António da Serra
310501;3105;Canhas
310502;3105;Madalena do Mar
310503;3105;Ponta do Sol
310601;3106;Achadas da Cruz
310602;3106;Porto Moniz
310603;3106;Ribeira da Janela
310604;3106;Seixal
310701;3107;Campanário
310702;3107;Ribeira Brava
310703;3107;Serra de Água
310704;3107;Tabua
310802;3108;Camacha
310803;3108;Caniço
310804;3108;Gaula
310805;3108;Santa Cruz
310806;3108;Santo António da Serra
310901;3109;Arco de São Jorge
310902;3109;Faial
310903;3109;Santana
310904;3109;São Jorge
310905;3109;São Roque do Faial
310906;3109;Ilha
311001;3110;Boa Ventura
311002;3110;Ponta Delgada
311003;3110;São Vicente
320101;3201;Porto Santo
410101;4101;Almagreira
410102;4101;Santa Bárbara
410103;4101;Santo Espírito
410104;4101;São Pedro
410105;4101;Vila do Porto
420101;4201;Água de Pau
420102;4201;Cabouco
420103;4201;Lagoa (Nossa Senhora do Rosário)
420104;4201;Lagoa (Santa Cruz)
420105;4201;Ribeira Chã
420201;4202;Achada
420202;4202;Achadinha
420203;4202;Lomba da Fazenda
420204;4202;Nordeste
420206;4202;Salga
420207;4202;Santana
420208;4202;Algarvia
420209;4202;Santo António de Nordestinho
420210;4202;São Pedro de Nordestinho
420301;4203;Arrifes
420303;4203;Candelária
420304;4203;Capelas
420305;4203;Covoada
420306;4203;Fajã de Baixo
420307;4203;Fajã de Cima
420308;4203;Fenais da Luz
420309;4203;Feteiras
420310;4203;Ginetes
420311;4203;Mosteiros
420312;4203;Ponta Delgada (São Sebastião)
420313;4203;Ponta Delgada (São José)
420314;4203;Ponta Delgada (São Pedro)
420315;4203;Relva
420316;4203;Remédios
420317;4203;Rosto do Cão (Livramento)
420318;4203;Rosto do Cão (São Roque)
420319;4203;Santa Bárbara
420320;4203;Santo António
420321;4203;São Vicente Ferreira
420322;4203;Sete Cidades
420323;4203;Ajuda da Bretanha
420324;4203;Pilar da Bretanha
420325;4203;Santa Clara
420401;4204;Água Retorta
420402;4204;Faial da Terra
420403;4204;Furnas
420404;4204;Nossa Senhora dos Remédios
420405;4204;Povoação
420406;4204;Ribeira Quente
420501;4205;Calhetas
420502;4205;Fenais da Ajuda
420503;4205;Lomba da Maia
420504;4205;Lomba de São Pedro
420505;4205;Maia
420506;4205;Pico da Pedra
420507;4205;Porto Formoso
420508;4205;Rabo de Peixe
420509;4205;Ribeira Grande (Conceição)
420510;4205;Ribeira Grande (Matriz)
420511;4205;Ribeira Seca
420512;4205;Ribeirinha
420513;4205;Santa Bárbara
420514;4205;São Brás
420601;4206;Água de Alto
420602;4206;Ponta Garça
420603;4206;Ribeira das Tainhas
420604;4206;Vila Franca do Campo (São Miguel)
420605;4206;Vila Franca do Campo (São Pedro)
420606;4206;Ribeira Seca
430101;4301;Altares
430102;4301;Angra (Nossa Senhora da Conceição)
430103;4301;Angra (Santa Luzia)
430104;4301;Angra (São Pedro)
430105;4301;Angra (Sé)
430106;4301;Cinco Ribeiras
430107;4301;Doze Ribeiras
430108;4301;Feteira
430109;4301;Porto Judeu
430110;4301;Posto Santo
430111;4301;Raminho
430112;4301;Ribeirinha
430113;4301;Santa Bárbara
430114;4301;São Bartolomeu de Regatos
430115;4301;São Bento
430116;4301;São Mateus da Calheta
430117;4301;Serreta
430118;4301;Terra Chã
430119;4301;Vila de São Sebastião
430201;4302;Agualva
430202;4302;Biscoitos
430203;4302;Cabo da Praia
430204;4302;Fonte do Bastardo
430205;4302;Fontinhas
430206;4302;Lajes
430207;4302;Praia da Vitória (Santa Cruz)
430208;4302;Quatro Ribeiras
430209;4302;São Brás
430210;4302;Vila Nova
430211;4302;Porto Martins
440101;4401;Guadalupe
440102;4401;Luz
440103;4401;São Mateus
440104;4401;Santa Cruz da Graciosa
450101;4501;Calheta
450102;4501;Norte Pequeno
450103;4501;Ribeira Seca
450104;4501;Santo Antão
450105;4501;Topo (Nossa Senhora do Rosário)
450201;4502;Manadas (Santa Bárbara)
450202;4502;Norte Grande (Neves)
450203;4502;Rosais
450204;4502;Santo Amaro
450205;4502;Urzelina (São Mateus)
450206;4502;Velas (São Jorge)
460101;4601;Calheta de Nesquim
460102;4601;Lajes do Pico
460103;4601;Piedade
460104;4601;Ribeiras
460105;4601;Ribeirinha
460106;4601;São João
460201;4602;Bandeiras
460202;4602;Candelária
460203;4602;Criação Velha
460204;4602;Madalena
460205;4602;São Caetano
460206;4602;São Mateus
460301;4603;Prainha
460302;4603;Santa Luzia
460303;4603;Santo Amaro
460304;4603;Santo António
460305;4603;São Roque do Pico
470101;4701;Capelo
470102;4701;Castelo Branco
470103;4701;Cedros
470104;4701;Feteira
470105;4701;Flamengos
470106;4701;Horta (Angústias)
470107;4701;Horta (Conceição)
470108;4701;Horta (Matriz)
470109;4701;Pedro Miguel
470110;4701;Praia do Almoxarife
470111;4701;Praia do Norte
470112;4701;Ribeirinha
470113;4701;Salão
480101;4801;Fajã Grande
480102;4801;Fajãzinha
480103;4801;Fazenda
480104;4801;Lajedo
480105;4801;Lajes das Flores
480106;4801;Lomba
480107;4801;Mosteiro
480201;4802;Caveira
480202;4802;Cedros
480203;4802;Ponta Delgada
480204;4802;Santa Cruz das Flores
490101;4901;Corvo
